Record Length,2.500000e+03,,  -0.000304000000, -20.00000,
Sample Interval,4.000000e-07,,  -0.000303600000, -20.00000,
Trigger Point,7.600000000000e+02,,  -0.000303200000, -20.00000,
,,,  -0.000302800000, -20.40000,
,,,  -0.000302400000, -20.00000,
,,,  -0.000302000000, -20.00000,
Source,CH2,,  -0.000301600000, -20.40000,
Vertical Units,V,,  -0.000301200000, -20.00000,
Vertical Scale,1.000000e+01,,  -0.000300800000, -20.80000,
Vertical Offset,-9.200000e+00,,  -0.000300400000, -20.00000,
Horizontal Units,s,,  -0.000300000000, -20.40000,
Horizontal Scale,1.000000e-04,,  -0.000299600000, -20.40000,
Pt Fmt,Y,,  -0.000299200000, -19.60000,
Yzero,0.000000e+00,,  -0.000298800000, -20.40000,
Probe Atten,1.000000e+01,,  -0.000298400000, -19.60000,
Model Number,TBS1202B-EDU,,  -0.000298000000, -19.60000,
Serial Number,C011050,,  -0.000297600000, -20.40000,
Firmware Version,FV:v4.0,,  -0.000297200000, -19.60000,
,,,-00.000296800000, -20.80000,
,,,-00.000296400000, -19.60000,
,,,-00.000296000000, -20.40000,
,,,-00.000295600000, -20.40000,
,,,-00.000295200000, -19.60000,
,,,-00.000294800000, -20.40000,
,,,-00.000294400000, -20.00000,
,,,-00.000294000000, -20.00000,
,,,-00.000293600000, -20.00000,
,,,-00.000293200000, -20.00000,
,,,-00.000292800000, -20.40000,
,,,-00.000292400000, -19.60000,
,,,-00.000292000000, -20.00000,
,,,-00.000291600000, -20.00000,
,,,-00.000291200000, -19.20000,
,,,-00.000290800000, -20.40000,
,,,-00.000290400000, -20.00000,
,,,-00.000290000000, -20.00000,
,,,-00.000289600000, -20.80000,
,,,-00.000289200000, -20.00000,
,,,-00.000288800000, -19.60000,
,,,-00.000288400000, -20.00000,
,,,-00.000288000000, -20.00000,
,,,-00.000287600000, -20.40000,
,,,-00.000287200000, -19.60000,
,,,-00.000286800000, -20.00000,
,,,-00.000286400000, -19.60000,
,,,-00.000286000000, -20.00000,
,,,-00.000285600000, -20.40000,
,,,-00.000285200000, -20.00000,
,,,-00.000284800000, -20.00000,
,,,-00.000284400000, -20.00000,
,,,-00.000284000000, -20.40000,
,,,-00.000283600000, -20.40000,
,,,-00.000283200000, -19.60000,
,,,-00.000282800000, -20.40000,
,,,-00.000282400000, -20.00000,
,,,-00.000282000000, -20.40000,
,,,-00.000281600000, -20.00000,
,,,-00.000281200000, -19.60000,
,,,-00.000280800000, -20.40000,
,,,-00.000280400000, -19.60000,
,,,-00.000280000000, -20.00000,
,,,-00.000279600000, -20.00000,
,,,-00.000279200000, -19.20000,
,,,-00.000278800000, -20.40000,
,,,-00.000278400000, -20.00000,
,,,-00.000278000000, -20.00000,
,,,-00.000277600000, -20.80000,
,,,-00.000277200000, -20.00000,
,,,-00.000276800000, -20.00000,
,,,-00.000276400000, -19.60000,
,,,-00.000276000000, -20.40000,
,,,-00.000275600000, -20.40000,
,,,-00.000275200000, -20.00000,
,,,-00.000274800000, -20.40000,
,,,-00.000274400000, -20.00000,
,,,-00.000274000000, -20.40000,
,,,-00.000273600000, -20.80000,
,,,-00.000273200000, -19.60000,
,,,-00.000272800000, -20.80000,
,,,-00.000272400000, -20.00000,
,,,-00.000272000000, -20.00000,
,,,-00.000271600000, -20.40000,
,,,-00.000271200000, -19.60000,
,,,-00.000270800000, -20.40000,
,,,-00.000270400000, -19.60000,
,,,-00.000270000000, -19.60000,
,,,-00.000269600000, -20.40000,
,,,-00.000269200000, -20.00000,
,,,-00.000268800000, -20.40000,
,,,-00.000268400000, -19.60000,
,,,-00.000268000000, -20.00000,
,,,-00.000267600000, -20.40000,
,,,-00.000267200000, -19.60000,
,,,-00.000266800000, -20.80000,
,,,-00.000266400000, -19.60000,
,,,-00.000266000000, -19.60000,
,,,-00.000265600000, -20.40000,
,,,-00.000265200000, -19.60000,
,,,-00.000264800000, -20.40000,
,,,-00.000264400000, -19.60000,
,,,-00.000264000000, -20.00000,
,,,-00.000263600000, -20.00000,
,,,-00.000263200000, -19.60000,
,,,-00.000262800000, -20.40000,
,,,-00.000262400000, -20.00000,
,,,-00.000262000000, -20.00000,
,,,-00.000261600000, -20.00000,
,,,-00.000261200000, -19.60000,
,,,-00.000260800000, -20.40000,
,,,-00.000260400000, -20.00000,
,,,-00.000260000000, -19.60000,
,,,-00.000259600000, -20.40000,
,,,-00.000259200000, -19.60000,
,,,-00.000258800000, -20.00000,
,,,-00.000258400000, -19.60000,
,,,-00.000258000000, -20.00000,
,,,-00.000257600000, -20.40000,
,,,-00.000257200000, -20.00000,
,,,-00.000256800000, -20.40000,
,,,-00.000256400000, -20.00000,
,,,-00.000256000000, -20.00000,
,,,-00.000255600000, -20.40000,
,,,-00.000255200000, -19.60000,
,,,-00.000254800000, -20.40000,
,,,-00.000254400000, -20.00000,
,,,-00.000254000000, -20.00000,
,,,-00.000253600000, -20.40000,
,,,-00.000253200000, -19.60000,
,,,-00.000252800000, -20.00000,
,,,-00.000252400000, -19.60000,
,,,-00.000252000000, -20.00000,
,,,-00.000251600000, -20.00000,
,,,-00.000251200000, -20.00000,
,,,-00.000250800000, -20.40000,
,,,-00.000250400000, -19.60000,
,,,-00.000250000000, -20.00000,
,,,-00.000249600000, -20.40000,
,,,-00.000249200000, -19.60000,
,,,-00.000248800000, -20.40000,
,,,-00.000248400000, -20.00000,
,,,-00.000248000000, -20.00000,
,,,-00.000247600000, -20.40000,
,,,-00.000247200000, -20.00000,
,,,-00.000246800000, -20.40000,
,,,-00.000246400000, -20.40000,
,,,-00.000246000000, -19.60000,
,,,-00.000245600000, -20.40000,
,,,-00.000245200000, -19.60000,
,,,-00.000244800000, -20.00000,
,,,-00.000244400000, -20.00000,
,,,-00.000244000000, -20.40000,
,,,-00.000243600000, -20.80000,
,,,-00.000243200000, -20.00000,
,,,-00.000242800000, -20.40000,
,,,-00.000242400000, -20.00000,
,,,-00.000242000000, -20.40000,
,,,-00.000241600000, -20.40000,
,,,-00.000241200000, -19.20000,
,,,-00.000240800000, -20.00000,
,,,-00.000240400000, -20.00000,
,,,-00.000240000000, -20.40000,
,,,-00.000239600000, -20.40000,
,,,-00.000239200000, -20.00000,
,,,-00.000238800000, -20.40000,
,,,-00.000238400000, -20.00000,
,,,-00.000238000000, -20.40000,
,,,-00.000237600000, -20.40000,
,,,-00.000237200000, -19.60000,
,,,-00.000236800000, -20.40000,
,,,-00.000236400000, -20.00000,
,,,-00.000236000000, -20.40000,
,,,-00.000235600000, -20.40000,
,,,-00.000235200000, -20.00000,
,,,-00.000234800000, -20.00000,
,,,-00.000234400000, -19.60000,
,,,-00.000234000000, -20.40000,
,,,-00.000233600000, -20.80000,
,,,-00.000233200000, -20.00000,
,,,-00.000232800000, -20.40000,
,,,-00.000232400000, -20.40000,
,,,-00.000232000000, -19.60000,
,,,-00.000231600000, -20.40000,
,,,-00.000231200000, -19.60000,
,,,-00.000230800000, -20.40000,
,,,-00.000230400000, -20.00000,
,,,-00.000230000000, -20.00000,
,,,-00.000229600000, -20.40000,
,,,-00.000229200000, -14.00000,
,,,-00.000228800000, -19.20000,
,,,-00.000228400000, -14.40000,
,,,-00.000228000000, -17.60000,
,,,-00.000227600000, -16.00000,
,,,-00.000227200000, -14.00000,
,,,-00.000226800000, -16.80000,
,,,-00.000226400000, -13.60000,
,,,-00.000226000000, -19.20000,
,,,-00.000225600000, -14.40000,
,,,-00.000225200000, -13.60000,
,,,-00.000224800000, -19.60000,
,,,-00.000224400000, -14.00000,
,,,-00.000224000000, -17.60000,
,,,-00.000223600000, -14.40000,
,,,-00.000223200000, -14.80000,
,,,-00.000222800000, -14.40000,
,,,-00.000222400000, -13.20000,
,,,-00.000222000000, -18.00000,
,,,-00.000221600000, -14.40000,
,,,-00.000221200000, -14.40000,
,,,-00.000220800000, -16.00000,
,,,-00.000220400000, -12.80000,
,,,-00.000220000000, -20.40000,
,,,-00.000219600000, -14.00000,
,,,-00.000219200000, -15.20000,
,,,-00.000218800000, -14.40000,
,,,-00.000218400000, -13.60000,
,,,-00.000218000000, -14.80000,
,,,-00.000217600000, -13.60000,
,,,-00.000217200000, -14.80000,
,,,-00.000216800000, -14.40000,
,,,-00.000216400000, -13.20000,
,,,-00.000216000000, -16.00000,
,,,-00.000215600000, -14.00000,
,,,-00.000215200000, -15.20000,
,,,-00.000214800000, -14.00000,
,,,-00.000214400000, -14.00000,
,,,-00.000214000000, -16.00000,
,,,-00.000213600000, -13.20000,
,,,-00.000213200000, -15.60000,
,,,-00.000212800000, -14.00000,
,,,-00.000212400000, -14.00000,
,,,-00.000212000000, -15.20000,
,,,-00.000211600000, -14.00000,
,,,-00.000211200000, -16.00000,
,,,-00.000210800000, -13.60000,
,,,-00.000210400000, -15.20000,
,,,-00.000210000000, -14.00000,
,,,-00.000209600000, -14.40000,
,,,-00.000209200000, -16.00000,
,,,-00.000208800000, -13.60000,
,,,-00.000208400000, -14.80000,
,,,-00.000208000000, -15.60000,
,,,-00.000207600000, -14.00000,
,,,-00.000207200000, -18.40000,
,,,-00.000206800000, -14.00000,
,,,-00.000206400000, -15.60000,
,,,-00.000206000000, -13.60000,
,,,-00.000205600000, -14.80000,
,,,-00.000205200000, -16.40000,
,,,-00.000204800000, -13.60000,
,,,-00.000204400000, -15.20000,
,,,-00.000204000000, -13.60000,
,,,-00.000203600000, -14.80000,
,,,-00.000203200000, -18.00000,
,,,-00.000202800000, -14.40000,
,,,-00.000202400000, -19.60000,
,,,-00.000202000000, -14.40000,
,,,-00.000201600000, -16.00000,
,,,-00.000201200000, -18.00000,
,,,-00.000200800000, -14.00000,
,,,-00.000200400000, -17.20000,
,,,-00.000200000000, -13.60000,
,,,-00.000199600000, -14.80000,
,,,-00.000199200000, -16.80000,
,,,-00.000198800000, -15.20000,
,,,-00.000198400000, -20.00000,
,,,-00.000198000000, -13.60000,
,,,-00.000197600000, -19.60000,
,,,-00.000197200000, -16.00000,
,,,-00.000196800000, -14.80000,
,,,-00.000196400000, -19.60000,
,,,-00.000196000000, -13.20000,
,,,-00.000195600000, -17.60000,
,,,-00.000195200000, -15.20000,
,,,-00.000194800000, -16.80000,
,,,-00.000194400000, -17.60000,
,,,-00.000194000000, -14.40000,
,,,-00.000193600000, -19.60000,
,,,-00.000193200000, -15.20000,
,,,-00.000192800000, -15.60000,
,,,-00.000192400000, -19.60000,
,,,-00.000192000000, -13.60000,
,,,-00.000191600000, -19.60000,
,,,-00.000191200000, -14.00000,
,,,-00.000190800000, -19.60000,
,,,-00.000190400000, -15.20000,
,,,-00.000190000000, -16.00000,
,,,-00.000189600000, -16.80000,
,,,-00.000189200000, -13.60000,
,,,-00.000188800000, -17.20000,
,,,-00.000188400000, -16.40000,
,,,-00.000188000000, -15.20000,
,,,-00.000187600000, -19.60000,
,,,-00.000187200000, -13.20000,
,,,-00.000186800000, -19.60000,
,,,-00.000186400000, -14.00000,
,,,-00.000186000000, -18.00000,
,,,-00.000185600000, -15.20000,
,,,-00.000185200000, -14.00000,
,,,-00.000184800000, -19.60000,
,,,-00.000184400000, -14.40000,
,,,-00.000184000000, -17.20000,
,,,-00.000183600000, -16.40000,
,,,-00.000183200000, -13.60000,
,,,-00.000182800000, -19.20000,
,,,-00.000182400000, -14.00000,
,,,-00.000182000000, -18.40000,
,,,-00.000181600000, -14.80000,
,,,-00.000181200000, -14.40000,
,,,-00.000180800000, -16.80000,
,,,-00.000180400000, -14.00000,
,,,-00.000180000000, -20.00000,
,,,-00.000179600000, -14.40000,
,,,-00.000179200000, -14.00000,
,,,-00.000178800000, -16.00000,
,,,-00.000178400000, -13.20000,
,,,-00.000178000000, -17.20000,
,,,-00.000177600000, -14.00000,
,,,-00.000177200000, -14.80000,
,,,-00.000176800000, -14.40000,
,,,-00.000176400000, -13.60000,
,,,-00.000176000000, -20.00000,
,,,-00.000175600000, -14.40000,
,,,-00.000175200000, -15.60000,
,,,-00.000174800000, -14.00000,
,,,-00.000174400000, -13.60000,
,,,-00.000174000000, -15.20000,
,,,-00.000173600000, -14.40000,
,,,-00.000173200000, -15.20000,
,,,-00.000172800000, -13.20000,
,,,-00.000172400000, -12.80000,
,,,-00.000172000000, -16.40000,
,,,-00.000171600000, -14.40000,
,,,-00.000171200000, -15.60000,
,,,-00.000170800000, -14.00000,
,,,-00.000170400000, -14.00000,
,,,-00.000170000000, -15.20000,
,,,-00.000169600000, -13.60000,
,,,-00.000169200000, -16.00000,
,,,-00.000168800000, -14.40000,
,,,-00.000168400000, -14.40000,
,,,-00.000168000000, -15.20000,
,,,-00.000167600000, -13.20000,
,,,-00.000167200000, -15.20000,
,,,-00.000166800000, -13.60000,
,,,-00.000166400000, -14.80000,
,,,-00.000166000000, -14.40000,
,,,-00.000165600000, -14.40000,
,,,-00.000165200000, -16.00000,
,,,-00.000164800000, -14.40000,
,,,-00.000164400000, -14.40000,
,,,-00.000164000000, -14.40000,
,,,-00.000163600000, -14.00000,
,,,-00.000163200000, -16.80000,
,,,-00.000162800000, -13.60000,
,,,-00.000162400000, -16.00000,
,,,-00.000162000000, -13.20000,
,,,-00.000161600000, -15.60000,
,,,-00.000161200000, -18.00000,
,,,-00.000160800000, -14.00000,
,,,-00.000160400000, -16.40000,
,,,-00.000160000000, -13.20000,
,,,-00.000159600000, -14.80000,
,,,-00.000159200000, -18.40000,
,,,-00.000158800000, -14.40000,
,,,-00.000158400000, -19.20000,
,,,-00.000158000000, -13.60000,
,,,-00.000157600000, -15.60000,
,,,-00.000157200000, -18.00000,
,,,-00.000156800000, -14.40000,
,,,-00.000156400000, -18.00000,
,,,-00.000156000000, -13.20000,
,,,-00.000155600000, -14.80000,
,,,-00.000155200000, -17.60000,
,,,-00.000154800000, -15.20000,
,,,-00.000154400000, -19.20000,
,,,-00.000154000000, -14.00000,
,,,-00.000153600000, -19.60000,
,,,-00.000153200000, -14.80000,
,,,-00.000152800000, -15.20000,
,,,-00.000152400000, -19.60000,
,,,-00.000152000000, -13.60000,
,,,-00.000151600000, -17.20000,
,,,-00.000151200000, -15.20000,
,,,-00.000150800000, -15.60000,
,,,-00.000150400000, -17.20000,
,,,-00.000150000000, -14.00000,
,,,-00.000149600000, -19.60000,
,,,-00.000149200000, -13.60000,
,,,-00.000148800000, -16.80000,
,,,-00.000148400000, -17.20000,
,,,-00.000148000000, -14.40000,
,,,-00.000147600000, -20.00000,
,,,-00.000147200000, -14.00000,
,,,-00.000146800000, -17.20000,
,,,-00.000146400000, -16.40000,
,,,-00.000146000000, -14.80000,
,,,-00.000145600000, -17.20000,
,,,-00.000145200000, -14.40000,
,,,-00.000144800000, -19.60000,
,,,-00.000144400000, -15.20000,
,,,-00.000144000000, -14.80000,
,,,-00.000143600000, -19.60000,
,,,-00.000143200000, -13.60000,
,,,-00.000142800000, -20.00000,
,,,-00.000142400000, -14.00000,
,,,-00.000142000000, -19.60000,
,,,-00.000141600000, -15.20000,
,,,-00.000141200000, -15.20000,
,,,-00.000140800000, -17.20000,
,,,-00.000140400000, -14.40000,
,,,-00.000140000000, -17.20000,
,,,-00.000139600000, -16.00000,
,,,-00.000139200000, -13.60000,
,,,-00.000138800000, -19.60000,
,,,-00.000138400000, -14.00000,
,,,-00.000138000000, -18.40000,
,,,-00.000137600000, -14.40000,
,,,-00.000137200000, -14.80000,
,,,-00.000136800000, -14.40000,
,,,-00.000136400000, -13.60000,
,,,-00.000136000000, -20.00000,
,,,-00.000135600000, -14.40000,
,,,-00.000135200000, -14.40000,
,,,-00.000134800000, -15.60000,
,,,-00.000134400000, -13.20000,
,,,-00.000134000000, -17.60000,
,,,-00.000133600000, -13.20000,
,,,-00.000133200000, -14.40000,
,,,-00.000132800000, -14.40000,
,,,-00.000132400000, -13.20000,
,,,-00.000132000000, -20.00000,
,,,-00.000131600000, -14.00000,
,,,-00.000131200000, -16.00000,
,,,-00.000130800000, -14.40000,
,,,-00.000130400000, -13.20000,
,,,-00.000130000000, -14.80000,
,,,-00.000129600000, -13.60000,
,,,-00.000129200000, -15.20000,
,,,-00.000128800000, -13.20000,
,,,-00.000128400000, -13.60000,
,,,-00.000128000000, -16.40000,
,,,-00.000127600000, -13.20000,
,,,-00.000127200000, -15.20000,
,,,-00.000126800000, -13.60000,
,,,-00.000126400000, -14.40000,
,,,-00.000126000000, -14.40000,
,,,-00.000125600000, -13.60000,
,,,-00.000125200000, -18.40000,
,,,-00.000124800000, -13.60000,
,,,-00.000124400000, -14.00000,
,,,-00.000124000000, -15.60000,
,,,-00.000123600000, -13.60000,
,,,-00.000123200000, -15.60000,
,,,-00.000122800000, -13.60000,
,,,-00.000122400000, -14.80000,
,,,-00.000122000000, -14.80000,
,,,-00.000121600000, -14.00000,
,,,-00.000121200000, -16.40000,
,,,-00.000120800000, -14.00000,
,,,-00.000120400000, -14.80000,
,,,-00.000120000000, -13.60000,
,,,-00.000119600000, -14.40000,
,,,-00.000119200000, -16.80000,
,,,-00.000118800000, -13.20000,
,,,-00.000118400000, -15.20000,
,,,-00.000118000000, -12.80000,
,,,-00.000117600000, -14.80000,
,,,-00.000117200000, -15.20000,
,,,-00.000116800000, -14.80000,
,,,-00.000116400000, -17.60000,
,,,-00.000116000000, -13.20000,
,,,-00.000115600000, -14.80000,
,,,-00.000115200000, -18.80000,
,,,-00.000114800000, -13.60000,
,,,-00.000114400000, -17.20000,
,,,-00.000114000000, -13.60000,
,,,-00.000113600000, -15.20000,
,,,-00.000113200000, -15.60000,
,,,-00.000112800000, -16.40000,
,,,-00.000112400000, -18.80000,
,,,-00.000112000000, -12.80000,
,,,-00.000111600000, -14.40000,
,,,-00.000111200000, -18.40000,
,,,-00.000110800000, -13.60000,
,,,-00.000110400000, -19.60000,
,,,-00.000110000000, -14.00000,
,,,-00.000109600000, -17.20000,
,,,-00.000109200000, -14.00000,
,,,-00.000108800000, -19.60000,
,,,-00.000108400000, -19.60000,
,,,-00.000108000000, -13.60000,
,,,-00.000107600000, -17.20000,
,,,-00.000107200000, -14.80000,
,,,-00.000106800000, -15.20000,
,,,-00.000106400000, -18.80000,
,,,-00.000106000000, -13.60000,
,,,-00.000105600000, -19.60000,
,,,-00.000105200000, -13.20000,
,,,-00.000104800000, -17.20000,
,,,-00.000104400000, -16.00000,
,,,-00.000104000000, -15.20000,
,,,-00.000103600000, -20.00000,
,,,-00.000103200000, -14.40000,
,,,-00.000102800000, -17.20000,
,,,-00.000102400000, -16.40000,
,,,-00.000102000000, -14.80000,
,,,-00.000101600000, -19.60000,
,,,-00.000101200000, -14.40000,
,,,-00.000100800000, -15.20000,
,,,-00.000100400000, -14.40000,
,,,-00.000100000000, -16.80000,
,,,-00.000099600000, -20.00000,
,,,-00.000099200000, -13.60000,
,,,-00.000098800000, -19.20000,
,,,-00.000098400000, -15.20000,
,,,-00.000098000000, -16.80000,
,,,-00.000097600000, -16.00000,
,,,-00.000097200000, -18.80000,
,,,-00.000096800000, -14.00000,
,,,-00.000096400000, -14.00000,
,,,-00.000096000000, -17.20000,
,,,-00.000095600000, -16.00000,
,,,-00.000095200000, -14.00000,
,,,-00.000094800000, -19.60000,
,,,-00.000094400000, -14.00000,
,,,-00.000094000000, -18.40000,
,,,-00.000093600000, -14.80000,
,,,-00.000093200000, -16.40000,
,,,-00.000092800000, -13.20000,
,,,-00.000092400000, -12.80000,
,,,-00.000092000000, -19.60000,
,,,-00.000091600000, -14.80000,
,,,-00.000091200000, -14.40000,
,,,-00.000090800000, -15.60000,
,,,-00.000090400000, -13.20000,
,,,-00.000090000000, -19.20000,
,,,-00.000089600000, -14.00000,
,,,-00.000089200000, -12.00000,
,,,-00.000088800000, -13.60000,
,,,-00.000088400000, -14.00000,
,,,-00.000088000000, -15.60000,
,,,-00.000087600000, -14.00000,
,,,-00.000087200000, -15.20000,
,,,-00.000086800000, -14.80000,
,,,-00.000086400000, -13.60000,
,,,-00.000086000000, -16.00000,
,,,-00.000085600000, -13.20000,
,,,-00.000085200000, -10.80000,
,,,-00.000084800000, -14.80000,
,,,-00.000084400000, -14.80000,
,,,-00.000084000000, -15.60000,
,,,-00.000083600000, -13.20000,
,,,-00.000083200000, -14.80000,
,,,-00.000082800000, -14.00000,
,,,-00.000082400000, -14.00000,
,,,-00.000082000000, -15.20000,
,,,-00.000081600000, -13.60000,
,,,-00.000081200000, -11.20000,
,,,-00.000080800000, -20.00000,
,,,-00.000080400000, -17.20000,
,,,-00.000080000000, -13.60000,
,,,-00.000079600000, -14.80000,
,,,-00.000079200000, -15.20000,
,,,-00.000078800000, -13.60000,
,,,-00.000078400000, -14.40000,
,,,-00.000078000000, -14.80000,
,,,-00.000077600000, -14.00000,
,,,-00.000077200000,  -8.80000,
,,,-00.000076800000, -16.80000,
,,,-00.000076400000, -19.60000,
,,,-00.000076000000, -14.00000,
,,,-00.000075600000, -14.80000,
,,,-00.000075200000, -16.80000,
,,,-00.000074800000, -13.60000,
,,,-00.000074400000, -14.80000,
,,,-00.000074000000, -13.60000,
,,,-00.000073600000, -15.20000,
,,,-00.000073200000,  -5.20000,
,,,-00.000072800000, -12.80000,
,,,-00.000072400000, -17.20000,
,,,-00.000072000000, -14.40000,
,,,-00.000071600000, -15.60000,
,,,-00.000071200000, -18.00000,
,,,-00.000070800000, -14.40000,
,,,-00.000070400000, -17.60000,
,,,-00.000070000000, -13.20000,
,,,-00.000069600000, -15.60000,
,,,-00.000069200000,  -3.20000,
,,,-00.000068800000, -13.20000,
,,,-00.000068400000, -14.00000,
,,,-00.000068000000, -14.00000,
,,,-00.000067600000, -16.80000,
,,,-00.000067200000, -16.40000,
,,,-00.000066800000, -14.80000,
,,,-00.000066400000, -19.60000,
,,,-00.000066000000, -13.20000,
,,,-00.000065600000, -17.60000,
,,,-00.000065200000,  -1.20000,
,,,-00.000064800000, -16.00000,
,,,-00.000064400000, -13.60000,
,,,-00.000064000000, -16.00000,
,,,-00.000063600000, -19.20000,
,,,-00.000063200000, -15.20000,
,,,-00.000062800000, -15.60000,
,,,-00.000062400000, -19.20000,
,,,-00.000062000000, -14.00000,
,,,-00.000061600000, -20.00000,
,,,-00.000061200000,   1.20000,
,,,-00.000060800000, -12.40000,
,,,-00.000060400000, -14.00000,
,,,-00.000060000000, -17.60000,
,,,-00.000059600000, -19.60000,
,,,-00.000059200000, -13.60000,
,,,-00.000058800000, -17.20000,
,,,-00.000058400000, -16.00000,
,,,-00.000058000000, -15.20000,
,,,-00.000057600000, -19.20000,
,,,-00.000057200000,   2.00000,
,,,-00.000056800000,  -7.60000,
,,,-00.000056400000, -13.20000,
,,,-00.000056000000, -17.60000,
,,,-00.000055600000, -15.20000,
,,,-00.000055200000, -14.00000,
,,,-00.000054800000, -19.60000,
,,,-00.000054400000, -14.80000,
,,,-00.000054000000, -16.80000,
,,,-00.000053600000, -16.00000,
,,,-00.000053200000,   3.60000,
,,,-00.000052800000,  -4.80000,
,,,-00.000052400000, -14.40000,
,,,-00.000052000000, -15.20000,
,,,-00.000051600000, -14.40000,
,,,-00.000051200000, -13.60000,
,,,-00.000050800000, -17.20000,
,,,-00.000050400000, -13.20000,
,,,-00.000050000000, -19.60000,
,,,-00.000049600000, -14.80000,
,,,-00.000049200000,   4.80000,
,,,-00.000048800000,  -2.00000,
,,,-00.000048400000, -19.60000,
,,,-00.000048000000, -14.00000,
,,,-00.000047600000, -14.00000,
,,,-00.000047200000, -14.80000,
,,,-00.000046800000, -14.80000,
,,,-00.000046400000, -13.60000,
,,,-00.000046000000, -19.60000,
,,,-00.000045600000, -14.40000,
,,,-00.000045200000,   6.00000,
,,,-00.000044800000,   0.00000,
,,,-00.000044400000, -16.80000,
,,,-00.000044000000, -13.20000,
,,,-00.000043600000, -13.60000,
,,,-00.000043200000, -14.80000,
,,,-00.000042800000, -13.60000,
,,,-00.000042400000, -13.20000,
,,,-00.000042000000, -16.00000,
,,,-00.000041600000, -13.20000,
,,,-00.000041200000,   6.80000,
,,,-00.000040800000,   1.20000,
,,,-00.000040400000, -13.60000,
,,,-00.000040000000, -14.40000,
,,,-00.000039600000, -13.60000,
,,,-00.000039200000, -15.60000,
,,,-00.000038800000, -13.60000,
,,,-00.000038400000, -14.40000,
,,,-00.000038000000, -14.80000,
,,,-00.000037600000, -13.20000,
,,,-00.000037200000,   8.00000,
,,,-00.000036800000,   2.80000,
,,,-00.000036400000, -12.40000,
,,,-00.000036000000, -15.20000,
,,,-00.000035600000, -14.40000,
,,,-00.000035200000, -16.00000,
,,,-00.000034800000, -13.60000,
,,,-00.000034400000, -14.40000,
,,,-00.000034000000, -14.00000,
,,,-00.000033600000, -14.00000,
,,,-00.000033200000,   8.00000,
,,,-00.000032800000,   4.40000,
,,,-00.000032400000, -14.80000,
,,,-00.000032000000, -19.60000,
,,,-00.000031600000, -16.00000,
,,,-00.000031200000, -18.40000,
,,,-00.000030800000, -13.60000,
,,,-00.000030400000, -14.40000,
,,,-00.000030000000, -13.20000,
,,,-00.000029600000, -14.40000,
,,,-00.000029200000,   9.20000,
,,,-00.000028800000,   5.20000,
,,,-00.000028400000, -10.40000,
,,,-00.000028000000, -16.40000,
,,,-00.000027600000, -19.20000,
,,,-00.000027200000, -18.00000,
,,,-00.000026800000, -14.40000,
,,,-00.000026400000, -17.60000,
,,,-00.000026000000, -13.20000,
,,,-00.000025600000, -14.80000,
,,,-00.000025200000,  10.80000,
,,,-00.000024800000,   6.40000,
,,,-00.000024400000,  -6.80000,
,,,-00.000024000000, -13.20000,
,,,-00.000023600000, -17.60000,
,,,-00.000023200000, -15.60000,
,,,-00.000022800000, -15.20000,
,,,-00.000022400000, -19.20000,
,,,-00.000022000000, -14.00000,
,,,-00.000021600000, -16.80000,
,,,-00.000021200000,  10.40000,
,,,-00.000020800000,   7.20000,
,,,-00.000020400000,  -3.60000,
,,,-00.000020000000, -14.40000,
,,,-00.000019600000, -15.20000,
,,,-00.000019200000, -14.40000,
,,,-00.000018800000, -16.80000,
,,,-00.000018400000, -19.20000,
,,,-00.000018000000, -13.60000,
,,,-00.000017600000, -19.20000,
,,,-00.000017200000,  11.20000,
,,,-00.000016800000,   7.60000,
,,,-00.000016400000,  -1.20000,
,,,-00.000016000000, -15.60000,
,,,-00.000015600000, -13.60000,
,,,-00.000015200000, -14.80000,
,,,-00.000014800000, -20.00000,
,,,-00.000014400000, -14.80000,
,,,-00.000014000000, -14.80000,
,,,-00.000013600000, -19.60000,
,,,-00.000013200000,  11.20000,
,,,-00.000012800000,   8.80000,
,,,-00.000012400000,   0.40000,
,,,-00.000012000000, -13.20000,
,,,-00.000011600000, -13.60000,
,,,-00.000011200000, -15.20000,
,,,-00.000010800000, -19.60000,
,,,-00.000010400000, -14.80000,
,,,-00.000010000000, -16.80000,
,,,-00.000009600000, -15.20000,
,,,-00.000009200000,  12.00000,
,,,-00.000008800000,  10.00000,
,,,-00.000008400000,   1.20000,
,,,-00.000008000000,  -9.60000,
,,,-00.000007600000, -13.20000,
,,,-00.000007200000, -15.20000,
,,,-00.000006800000, -14.80000,
,,,-00.000006400000, -13.20000,
,,,-00.000006000000, -19.60000,
,,,-00.000005600000, -15.20000,
,,,-00.000005200000,  12.80000,
,,,-00.000004800000,  10.80000,
,,,-00.000004400000,   2.40000,
,,,-00.000004000000,  -6.40000,
,,,-00.000003600000, -14.80000,
,,,-00.000003200000, -14.00000,
,,,-00.000002800000, -14.40000,
,,,-00.000002400000, -13.20000,
,,,-00.000002000000, -15.60000,
,,,-00.000001600000, -14.00000,
,,,-00.000001200000,  13.60000,
,,,-00.000000800000,  11.20000,
,,,-00.000000400000,   3.20000,
,,,-00.000000000000,  -5.20000,
,,,00.000000400000, -19.60000,
,,,00.000000800000, -14.80000,
,,,00.000001200000, -13.60000,
,,,00.000001600000, -14.00000,
,,,00.000002000000, -15.20000,
,,,00.000002400000, -14.00000,
,,,00.000002800000,  14.40000,
,,,00.000003200000,  12.00000,
,,,00.000003600000,   5.20000,
,,,00.000004000000,  -3.60000,
,,,00.000004400000, -17.60000,
,,,00.000004800000, -18.00000,
,,,00.000005200000, -13.60000,
,,,00.000005600000, -14.40000,
,,,00.000006000000, -14.00000,
,,,00.000006400000, -14.40000,
,,,00.000006800000,  14.80000,
,,,00.000007200000,  12.40000,
,,,00.000007600000,   6.00000,
,,,00.000008000000,  -2.00000,
,,,00.000008400000, -13.60000,
,,,00.000008800000, -17.60000,
,,,00.000009200000, -14.00000,
,,,00.000009600000, -15.60000,
,,,00.000010000000, -16.00000,
,,,00.000010400000, -13.60000,
,,,00.000010800000,  15.20000,
,,,00.000011200000,  13.20000,
,,,00.000011600000,   7.20000,
,,,00.000012000000,   0.40000,
,,,00.000012400000, -12.40000,
,,,00.000012800000, -14.80000,
,,,00.000013200000, -14.00000,
,,,00.000013600000, -16.80000,
,,,00.000014000000, -13.60000,
,,,00.000014400000, -14.80000,
,,,00.000014800000,  15.20000,
,,,00.000015200000,  13.60000,
,,,00.000015600000,   8.00000,
,,,00.000016000000,   2.80000,
,,,00.000016400000, -15.20000,
,,,00.000016800000, -15.60000,
,,,00.000017200000, -15.60000,
,,,00.000017600000, -19.60000,
,,,00.000018000000, -12.80000,
,,,00.000018400000, -14.80000,
,,,00.000018800000,  15.20000,
,,,00.000019200000,  13.60000,
,,,00.000019600000,   8.80000,
,,,00.000020000000,   3.60000,
,,,00.000020400000, -12.40000,
,,,00.000020800000, -14.40000,
,,,00.000021200000, -19.60000,
,,,00.000021600000, -17.60000,
,,,00.000022000000, -13.60000,
,,,00.000022400000, -17.60000,
,,,00.000022800000,  14.80000,
,,,00.000023200000,  13.60000,
,,,00.000023600000,   9.20000,
,,,00.000024000000,   4.80000,
,,,00.000024400000,  -7.60000,
,,,00.000024800000, -13.60000,
,,,00.000025200000, -16.80000,
,,,00.000025600000, -15.20000,
,,,00.000026000000, -15.20000,
,,,00.000026400000, -19.20000,
,,,00.000026800000,  15.60000,
,,,00.000027200000,  14.40000,
,,,00.000027600000,  10.40000,
,,,00.000028000000,   6.00000,
,,,00.000028400000,  -4.80000,
,,,00.000028800000, -14.80000,
,,,00.000029200000, -15.60000,
,,,00.000029600000, -13.60000,
,,,00.000030000000, -15.60000,
,,,00.000030400000, -19.60000,
,,,00.000030800000,  16.00000,
,,,00.000031200000,  14.80000,
,,,00.000031600000,  11.60000,
,,,00.000032000000,   6.40000,
,,,00.000032400000,  -2.00000,
,,,00.000032800000, -19.20000,
,,,00.000033200000, -13.60000,
,,,00.000033600000, -13.20000,
,,,00.000034000000, -20.40000,
,,,00.000034400000, -16.00000,
,,,00.000034800000,  16.00000,
,,,00.000035200000,  14.40000,
,,,00.000035600000,  11.20000,
,,,00.000036000000,   7.60000,
,,,00.000036400000,   0.00000,
,,,00.000036800000, -16.00000,
,,,00.000037200000, -12.40000,
,,,00.000037600000, -13.60000,
,,,00.000038000000, -17.60000,
,,,00.000038400000, -14.40000,
,,,00.000038800000,  16.00000,
,,,00.000039200000,  15.60000,
,,,00.000039600000,  12.00000,
,,,00.000040000000,   8.80000,
,,,00.000040400000,   0.80000,
,,,00.000040800000, -11.60000,
,,,00.000041200000, -13.20000,
,,,00.000041600000, -14.40000,
,,,00.000042000000, -15.60000,
,,,00.000042400000, -14.40000,
,,,00.000042800000,  16.80000,
,,,00.000043200000,  16.00000,
,,,00.000043600000,  12.80000,
,,,00.000044000000,  10.00000,
,,,00.000044400000,   2.00000,
,,,00.000044800000, -10.40000,
,,,00.000045200000, -14.40000,
,,,00.000045600000, -14.40000,
,,,00.000046000000, -14.80000,
,,,00.000046400000, -13.20000,
,,,00.000046800000,  16.80000,
,,,00.000047200000,  16.40000,
,,,00.000047600000,  13.20000,
,,,00.000048000000,  10.00000,
,,,00.000048400000,   3.60000,
,,,00.000048800000, -11.20000,
,,,00.000049200000, -19.60000,
,,,00.000049600000, -16.40000,
,,,00.000050000000, -14.00000,
,,,00.000050400000, -14.40000,
,,,00.000050800000,  17.20000,
,,,00.000051200000,  16.40000,
,,,00.000051600000,  13.60000,
,,,00.000052000000,  10.80000,
,,,00.000052400000,   5.60000,
,,,00.000052800000,  -8.80000,
,,,00.000053200000, -16.40000,
,,,00.000053600000, -18.80000,
,,,00.000054000000, -13.60000,
,,,00.000054400000, -14.40000,
,,,00.000054800000,  17.20000,
,,,00.000055200000,  16.80000,
,,,00.000055600000,  14.00000,
,,,00.000056000000,  11.60000,
,,,00.000056400000,   5.60000,
,,,00.000056800000,  -5.20000,
,,,00.000057200000, -13.20000,
,,,00.000057600000, -16.40000,
,,,00.000058000000, -13.60000,
,,,00.000058400000, -14.40000,
,,,00.000058800000,  16.40000,
,,,00.000059200000,  16.00000,
,,,00.000059600000,  14.40000,
,,,00.000060000000,  12.00000,
,,,00.000060400000,   7.20000,
,,,00.000060800000,  -3.20000,
,,,00.000061200000, -12.00000,
,,,00.000061600000, -14.40000,
,,,00.000062000000, -14.00000,
,,,00.000062400000, -17.20000,
,,,00.000062800000,  16.40000,
,,,00.000063200000,  16.00000,
,,,00.000063600000,  14.40000,
,,,00.000064000000,  12.80000,
,,,00.000064400000,   8.00000,
,,,00.000064800000,  -0.40000,
,,,00.000065200000, -16.00000,
,,,00.000065600000, -13.60000,
,,,00.000066000000, -14.00000,
,,,00.000066400000, -19.20000,
,,,00.000066800000,  16.80000,
,,,00.000067200000,  16.40000,
,,,00.000067600000,  14.80000,
,,,00.000068000000,  13.60000,
,,,00.000068400000,   8.80000,
,,,00.000068800000,   1.20000,
,,,00.000069200000, -12.00000,
,,,00.000069600000, -12.80000,
,,,00.000070000000, -19.20000,
,,,00.000070400000, -19.60000,
,,,00.000070800000,  16.80000,
,,,00.000071200000,  16.40000,
,,,00.000071600000,  15.20000,
,,,00.000072000000,  13.60000,
,,,00.000072400000,  10.00000,
,,,00.000072800000,   2.00000,
,,,00.000073200000,  -7.20000,
,,,00.000073600000, -13.20000,
,,,00.000074000000, -16.00000,
,,,00.000074400000, -15.20000,
,,,00.000074800000,  17.20000,
,,,00.000075200000,  17.60000,
,,,00.000075600000,  16.00000,
,,,00.000076000000,  14.00000,
,,,00.000076400000,  10.80000,
,,,00.000076800000,   4.00000,
,,,00.000077200000,  -4.40000,
,,,00.000077600000, -14.80000,
,,,00.000078000000, -14.80000,
,,,00.000078400000, -14.40000,
,,,00.000078800000,  16.40000,
,,,00.000079200000,  17.60000,
,,,00.000079600000,  16.40000,
,,,00.000080000000,  14.80000,
,,,00.000080400000,  10.80000,
,,,00.000080800000,   5.60000,
,,,00.000081200000,  -1.60000,
,,,00.000081600000, -19.20000,
,,,00.000082000000, -13.60000,
,,,00.000082400000, -13.20000,
,,,00.000082800000,  16.80000,
,,,00.000083200000,  17.60000,
,,,00.000083600000,  16.40000,
,,,00.000084000000,  14.40000,
,,,00.000084400000,  11.60000,
,,,00.000084800000,   6.40000,
,,,00.000085200000,   0.00000,
,,,00.000085600000, -17.20000,
,,,00.000086000000, -13.20000,
,,,00.000086400000, -13.20000,
,,,00.000086800000,  16.80000,
,,,00.000087200000,  17.20000,
,,,00.000087600000,  16.40000,
,,,00.000088000000,  15.20000,
,,,00.000088400000,  12.40000,
,,,00.000088800000,   7.20000,
,,,00.000089200000,   1.20000,
,,,00.000089600000, -12.80000,
,,,00.000090000000, -14.80000,
,,,00.000090400000, -14.00000,
,,,00.000090800000,  16.80000,
,,,00.000091200000,  16.80000,
,,,00.000091600000,  16.40000,
,,,00.000092000000,  16.00000,
,,,00.000092400000,  13.20000,
,,,00.000092800000,   8.40000,
,,,00.000093200000,   3.20000,
,,,00.000093600000, -11.60000,
,,,00.000094000000, -14.40000,
,,,00.000094400000, -13.60000,
,,,00.000094800000,  16.00000,
,,,00.000095200000,  17.60000,
,,,00.000095600000,  17.20000,
,,,00.000096000000,  15.60000,
,,,00.000096400000,  13.20000,
,,,00.000096800000,   8.40000,
,,,00.000097200000,   4.40000,
,,,00.000097600000, -13.20000,
,,,00.000098000000, -17.60000,
,,,00.000098400000, -17.20000,
,,,00.000098800000,  15.60000,
,,,00.000099200000,  16.80000,
,,,00.000099600000,  17.20000,
,,,00.000100000000,  16.80000,
,,,00.000100400000,  14.00000,
,,,00.000100800000,   9.60000,
,,,00.000101200000,   5.20000,
,,,00.000101600000, -11.60000,
,,,00.000102000000, -16.40000,
,,,00.000102400000, -18.80000,
,,,00.000102800000,  15.20000,
,,,00.000103200000,  16.40000,
,,,00.000103600000,  17.20000,
,,,00.000104000000,  16.40000,
,,,00.000104400000,  14.40000,
,,,00.000104800000,  10.00000,
,,,00.000105200000,   6.80000,
,,,00.000105600000,  -6.00000,
,,,00.000106000000, -13.20000,
,,,00.000106400000, -16.80000,
,,,00.000106800000,  15.20000,
,,,00.000107200000,  16.80000,
,,,00.000107600000,  17.60000,
,,,00.000108000000,  16.80000,
,,,00.000108400000,  14.40000,
,,,00.000108800000,  11.20000,
,,,00.000109200000,   7.60000,
,,,00.000109600000,  -3.60000,
,,,00.000110000000, -12.80000,
,,,00.000110400000, -14.40000,
,,,00.000110800000,  15.20000,
,,,00.000111200000,  16.40000,
,,,00.000111600000,  17.20000,
,,,00.000112000000,  17.20000,
,,,00.000112400000,  14.00000,
,,,00.000112800000,  12.00000,
,,,00.000113200000,   8.80000,
,,,00.000113600000,  -2.00000,
,,,00.000114000000, -17.60000,
,,,00.000114400000, -14.40000,
,,,00.000114800000,  15.20000,
,,,00.000115200000,  16.40000,
,,,00.000115600000,  17.60000,
,,,00.000116000000,  17.20000,
,,,00.000116400000,  15.20000,
,,,00.000116800000,  11.60000,
,,,00.000117200000,   9.20000,
,,,00.000117600000,   0.00000,
,,,00.000118000000, -14.00000,
,,,00.000118400000, -12.80000,
,,,00.000118800000,  14.40000,
,,,00.000119200000,  16.00000,
,,,00.000119600000,  17.60000,
,,,00.000120000000,  17.20000,
,,,00.000120400000,  15.60000,
,,,00.000120800000,  12.40000,
,,,00.000121200000,  10.00000,
,,,00.000121600000,   1.60000,
,,,00.000122000000,  -9.20000,
,,,00.000122400000, -13.20000,
,,,00.000122800000,  13.60000,
,,,00.000123200000,  15.60000,
,,,00.000123600000,  17.20000,
,,,00.000124000000,  16.80000,
,,,00.000124400000,  15.60000,
,,,00.000124800000,  13.20000,
,,,00.000125200000,  10.40000,
,,,00.000125600000,   3.60000,
,,,00.000126000000,  -6.80000,
,,,00.000126400000, -14.40000,
,,,00.000126800000,  13.20000,
,,,00.000127200000,  15.60000,
,,,00.000127600000,  17.20000,
,,,00.000128000000,  17.20000,
,,,00.000128400000,  16.40000,
,,,00.000128800000,  14.00000,
,,,00.000129200000,  11.60000,
,,,00.000129600000,   5.20000,
,,,00.000130000000,  -5.20000,
,,,00.000130400000, -18.80000,
,,,00.000130800000,  12.80000,
,,,00.000131200000,  15.20000,
,,,00.000131600000,  17.20000,
,,,00.000132000000,  17.20000,
,,,00.000132400000,  16.00000,
,,,00.000132800000,  14.00000,
,,,00.000133200000,  12.00000,
,,,00.000133600000,   5.60000,
,,,00.000134000000,  -3.60000,
,,,00.000134400000, -16.80000,
,,,00.000134800000,  12.40000,
,,,00.000135200000,  14.00000,
,,,00.000135600000,  16.80000,
,,,00.000136000000,  16.80000,
,,,00.000136400000,  16.00000,
,,,00.000136800000,  14.40000,
,,,00.000137200000,  13.20000,
,,,00.000137600000,   6.80000,
,,,00.000138000000,  -2.00000,
,,,00.000138400000, -12.80000,
,,,00.000138800000,  11.60000,
,,,00.000139200000,  14.80000,
,,,00.000139600000,  16.40000,
,,,00.000140000000,  16.80000,
,,,00.000140400000,  16.40000,
,,,00.000140800000,  14.80000,
,,,00.000141200000,  13.20000,
,,,00.000141600000,   7.20000,
,,,00.000142000000,   1.20000,
,,,00.000142400000, -13.20000,
,,,00.000142800000,  11.60000,
,,,00.000143200000,  14.00000,
,,,00.000143600000,  16.80000,
,,,00.000144000000,  16.80000,
,,,00.000144400000,  16.40000,
,,,00.000144800000,  15.20000,
,,,00.000145200000,  13.60000,
,,,00.000145600000,   8.00000,
,,,00.000146000000,   1.60000,
,,,00.000146400000, -14.40000,
,,,00.000146800000,  10.40000,
,,,00.000147200000,  13.60000,
,,,00.000147600000,  16.80000,
,,,00.000148000000,  17.20000,
,,,00.000148400000,  16.40000,
,,,00.000148800000,  15.60000,
,,,00.000149200000,  14.00000,
,,,00.000149600000,   8.80000,
,,,00.000150000000,   4.40000,
,,,00.000150400000, -11.60000,
,,,00.000150800000,  10.00000,
,,,00.000151200000,  12.40000,
,,,00.000151600000,  16.00000,
,,,00.000152000000,  16.80000,
,,,00.000152400000,  16.80000,
,,,00.000152800000,  15.60000,
,,,00.000153200000,  14.40000,
,,,00.000153600000,  10.00000,
,,,00.000154000000,   6.00000,
,,,00.000154400000,  -7.20000,
,,,00.000154800000,   9.60000,
,,,00.000155200000,  12.40000,
,,,00.000155600000,  15.60000,
,,,00.000156000000,  16.80000,
,,,00.000156400000,  16.80000,
,,,00.000156800000,  16.00000,
,,,00.000157200000,  15.20000,
,,,00.000157600000,  10.40000,
,,,00.000158000000,   6.00000,
,,,00.000158400000,  -4.40000,
,,,00.000158800000,   9.20000,
,,,00.000159200000,  12.80000,
,,,00.000159600000,  15.20000,
,,,00.000160000000,  16.40000,
,,,00.000160400000,  17.20000,
,,,00.000160800000,  16.80000,
,,,00.000161200000,  15.60000,
,,,00.000161600000,  10.80000,
,,,00.000162000000,   6.40000,
,,,00.000162400000,  -1.60000,
,,,00.000162800000,   7.60000,
,,,00.000163200000,  11.20000,
,,,00.000163600000,  15.20000,
,,,00.000164000000,  16.00000,
,,,00.000164400000,  17.20000,
,,,00.000164800000,  17.20000,
,,,00.000165200000,  15.60000,
,,,00.000165600000,  11.60000,
,,,00.000166000000,   8.00000,
,,,00.000166400000,   0.40000,
,,,00.000166800000,   7.20000,
,,,00.000167200000,  10.80000,
,,,00.000167600000,  15.20000,
,,,00.000168000000,  16.00000,
,,,00.000168400000,  17.20000,
,,,00.000168800000,  16.80000,
,,,00.000169200000,  16.00000,
,,,00.000169600000,  12.40000,
,,,00.000170000000,   8.80000,
,,,00.000170400000,   1.20000,
,,,00.000170800000,   5.20000,
,,,00.000171200000,  10.80000,
,,,00.000171600000,  14.80000,
,,,00.000172000000,  16.00000,
,,,00.000172400000,  16.40000,
,,,00.000172800000,  16.80000,
,,,00.000173200000,  16.40000,
,,,00.000173600000,  12.80000,
,,,00.000174000000,   9.60000,
,,,00.000174400000,   2.80000,
,,,00.000174800000,   4.40000,
,,,00.000175200000,   9.60000,
,,,00.000175600000,  14.40000,
,,,00.000176000000,  16.00000,
,,,00.000176400000,  17.20000,
,,,00.000176800000,  17.20000,
,,,00.000177200000,  16.40000,
,,,00.000177600000,  13.20000,
,,,00.000178000000,  10.40000,
,,,00.000178400000,   3.60000,
,,,00.000178800000,   3.20000,
,,,00.000179200000,   9.20000,
,,,00.000179600000,  14.00000,
,,,00.000180000000,  16.00000,
,,,00.000180400000,  16.80000,
,,,00.000180800000,  17.60000,
,,,00.000181200000,  16.00000,
,,,00.000181600000,  14.00000,
,,,00.000182000000,  10.80000,
,,,00.000182400000,   5.20000,
,,,00.000182800000,   2.00000,
,,,00.000183200000,   8.40000,
,,,00.000183600000,  13.60000,
,,,00.000184000000,  14.80000,
,,,00.000184400000,  17.60000,
,,,00.000184800000,  17.60000,
,,,00.000185200000,  16.80000,
,,,00.000185600000,  14.00000,
,,,00.000186000000,  11.60000,
,,,00.000186400000,   6.40000,
,,,00.000186800000,   0.40000,
,,,00.000187200000,   7.20000,
,,,00.000187600000,  12.80000,
,,,00.000188000000,  14.80000,
,,,00.000188400000,  16.80000,
,,,00.000188800000,  17.20000,
,,,00.000189200000,  16.80000,
,,,00.000189600000,  14.80000,
,,,00.000190000000,  12.00000,
,,,00.000190400000,   7.20000,
,,,00.000190800000,  -1.20000,
,,,00.000191200000,   5.60000,
,,,00.000191600000,  12.40000,
,,,00.000192000000,  14.00000,
,,,00.000192400000,  16.40000,
,,,00.000192800000,  17.60000,
,,,00.000193200000,  17.20000,
,,,00.000193600000,  14.40000,
,,,00.000194000000,  13.20000,
,,,00.000194400000,   8.80000,
,,,00.000194800000,  -3.60000,
,,,00.000195200000,   4.80000,
,,,00.000195600000,  10.80000,
,,,00.000196000000,  14.40000,
,,,00.000196400000,  16.80000,
,,,00.000196800000,  17.20000,
,,,00.000197200000,  17.20000,
,,,00.000197600000,  14.80000,
,,,00.000198000000,  13.20000,
,,,00.000198400000,   9.20000,
,,,00.000198800000,  -5.20000,
,,,00.000199200000,   4.00000,
,,,00.000199600000,  10.80000,
,,,00.000200000000,  13.60000,
,,,00.000200400000,  16.40000,
,,,00.000200800000,  17.60000,
,,,00.000201200000,  16.40000,
,,,00.000201600000,  15.20000,
,,,00.000202000000,  13.60000,
,,,00.000202400000,   9.60000,
,,,00.000202800000,  -6.80000,
,,,00.000203200000,   2.40000,
,,,00.000203600000,   9.60000,
,,,00.000204000000,  13.20000,
,,,00.000204400000,  16.00000,
,,,00.000204800000,  16.80000,
,,,00.000205200000,  16.80000,
,,,00.000205600000,  15.60000,
,,,00.000206000000,  14.40000,
,,,00.000206400000,  10.40000,
,,,00.000206800000,  -9.20000,
,,,00.000207200000,   1.60000,
,,,00.000207600000,   9.20000,
,,,00.000208000000,  12.40000,
,,,00.000208400000,  15.60000,
,,,00.000208800000,  16.80000,
,,,00.000209200000,  17.20000,
,,,00.000209600000,  16.00000,
,,,00.000210000000,  14.40000,
,,,00.000210400000,  11.60000,
,,,00.000210800000, -14.40000,
,,,00.000211200000,  -0.80000,
,,,00.000211600000,   8.80000,
,,,00.000212000000,  12.00000,
,,,00.000212400000,  15.20000,
,,,00.000212800000,  16.80000,
,,,00.000213200000,  16.80000,
,,,00.000213600000,  16.40000,
,,,00.000214000000,  15.20000,
,,,00.000214400000,  11.20000,
,,,00.000214800000, -16.80000,
,,,00.000215200000,  -3.20000,
,,,00.000215600000,   8.00000,
,,,00.000216000000,  11.20000,
,,,00.000216400000,  14.80000,
,,,00.000216800000,  16.80000,
,,,00.000217200000,  16.80000,
,,,00.000217600000,  16.40000,
,,,00.000218000000,  14.80000,
,,,00.000218400000,  12.80000,
,,,00.000218800000, -13.20000,
,,,00.000219200000,  -4.40000,
,,,00.000219600000,   7.20000,
,,,00.000220000000,  11.20000,
,,,00.000220400000,  14.40000,
,,,00.000220800000,  16.40000,
,,,00.000221200000,  16.80000,
,,,00.000221600000,  16.40000,
,,,00.000222000000,  16.00000,
,,,00.000222400000,  13.20000,
,,,00.000222800000, -13.20000,
,,,00.000223200000,  -7.60000,
,,,00.000223600000,   6.00000,
,,,00.000224000000,  10.40000,
,,,00.000224400000,  14.40000,
,,,00.000224800000,  16.00000,
,,,00.000225200000,  16.40000,
,,,00.000225600000,  16.80000,
,,,00.000226000000,  16.00000,
,,,00.000226400000,  13.60000,
,,,00.000226800000, -16.00000,
,,,00.000227200000, -13.20000,
,,,00.000227600000,   4.40000,
,,,00.000228000000,  10.00000,
,,,00.000228400000,  13.60000,
,,,00.000228800000,  16.00000,
,,,00.000229200000,  16.00000,
,,,00.000229600000,  16.80000,
,,,00.000230000000,  16.00000,
,,,00.000230400000,  14.00000,
,,,00.000230800000, -17.60000,
,,,00.000231200000, -16.00000,
,,,00.000231600000,   3.20000,
,,,00.000232000000,   9.20000,
,,,00.000232400000,  13.20000,
,,,00.000232800000,  16.00000,
,,,00.000233200000,  16.40000,
,,,00.000233600000,  16.80000,
,,,00.000234000000,  16.80000,
,,,00.000234400000,  14.40000,
,,,00.000234800000, -15.20000,
,,,00.000235200000, -13.60000,
,,,00.000235600000,   2.00000,
,,,00.000236000000,   8.00000,
,,,00.000236400000,  12.80000,
,,,00.000236800000,  15.60000,
,,,00.000237200000,  15.60000,
,,,00.000237600000,  17.20000,
,,,00.000238000000,  16.80000,
,,,00.000238400000,  14.80000,
,,,00.000238800000, -14.40000,
,,,00.000239200000, -12.80000,
,,,00.000239600000,   0.40000,
,,,00.000240000000,   7.20000,
,,,00.000240400000,  12.80000,
,,,00.000240800000,  15.20000,
,,,00.000241200000,  16.00000,
,,,00.000241600000,  17.60000,
,,,00.000242000000,  16.80000,
,,,00.000242400000,  14.80000,
,,,00.000242800000, -14.40000,
,,,00.000243200000, -17.20000,
,,,00.000243600000,  -1.60000,
,,,00.000244000000,   5.20000,
,,,00.000244400000,  12.00000,
,,,00.000244800000,  14.80000,
,,,00.000245200000,  15.60000,
,,,00.000245600000,  17.20000,
,,,00.000246000000,  17.20000,
,,,00.000246400000,  15.60000,
,,,00.000246800000, -13.60000,
,,,00.000247200000, -19.20000,
,,,00.000247600000,  -4.00000,
,,,00.000248000000,   4.00000,
,,,00.000248400000,  11.20000,
,,,00.000248800000,  14.80000,
,,,00.000249200000,  16.00000,
,,,00.000249600000,  17.60000,
,,,00.000250000000,  17.20000,
,,,00.000250400000,  15.60000,
,,,00.000250800000, -14.80000,
,,,00.000251200000, -14.80000,
,,,00.000251600000,  -5.60000,
,,,00.000252000000,   4.80000,
,,,00.000252400000,  10.00000,
,,,00.000252800000,  14.00000,
,,,00.000253200000,  15.60000,
,,,00.000253600000,  17.20000,
,,,00.000254000000,  16.80000,
,,,00.000254400000,  15.60000,
,,,00.000254800000, -15.60000,
,,,00.000255200000, -14.00000,
,,,00.000255600000,  -8.40000,
,,,00.000256000000,   3.20000,
,,,00.000256400000,  10.00000,
,,,00.000256800000,  13.60000,
,,,00.000257200000,  15.60000,
,,,00.000257600000,  17.20000,
,,,00.000258000000,  17.20000,
,,,00.000258400000,  16.00000,
,,,00.000258800000, -17.60000,
,,,00.000259200000, -13.20000,
,,,00.000259600000, -12.80000,
,,,00.000260000000,   1.60000,
,,,00.000260400000,   8.40000,
,,,00.000260800000,  12.80000,
,,,00.000261200000,  14.80000,
,,,00.000261600000,  16.80000,
,,,00.000262000000,  17.20000,
,,,00.000262400000,  16.40000,
,,,00.000262800000, -15.60000,
,,,00.000263200000, -14.00000,
,,,00.000263600000, -16.40000,
,,,00.000264000000,   0.40000,
,,,00.000264400000,   7.60000,
,,,00.000264800000,  12.40000,
,,,00.000265200000,  15.20000,
,,,00.000265600000,  16.80000,
,,,00.000266000000,  16.80000,
,,,00.000266400000,  16.40000,
,,,00.000266800000, -14.00000,
,,,00.000267200000, -14.80000,
,,,00.000267600000, -12.80000,
,,,00.000268000000,  -2.40000,
,,,00.000268400000,   7.20000,
,,,00.000268800000,  12.00000,
,,,00.000269200000,  14.00000,
,,,00.000269600000,  16.80000,
,,,00.000270000000,  16.80000,
,,,00.000270400000,  16.40000,
,,,00.000270800000, -13.20000,
,,,00.000271200000, -16.80000,
,,,00.000271600000, -13.60000,
,,,00.000272000000,  -5.60000,
,,,00.000272400000,   6.00000,
,,,00.000272800000,  11.20000,
,,,00.000273200000,  14.00000,
,,,00.000273600000,  16.80000,
,,,00.000274000000,  16.80000,
,,,00.000274400000,  16.40000,
,,,00.000274800000, -14.40000,
,,,00.000275200000, -19.20000,
,,,00.000275600000, -16.80000,
,,,00.000276000000,  -9.60000,
,,,00.000276400000,   5.20000,
,,,00.000276800000,  10.80000,
,,,00.000277200000,  13.20000,
,,,00.000277600000,  16.80000,
,,,00.000278000000,  16.80000,
,,,00.000278400000,  17.20000,
,,,00.000278800000, -14.40000,
,,,00.000279200000, -16.00000,
,,,00.000279600000, -19.20000,
,,,00.000280000000, -13.20000,
,,,00.000280400000,   4.00000,
,,,00.000280800000,   9.60000,
,,,00.000281200000,  13.20000,
,,,00.000281600000,  16.00000,
,,,00.000282000000,  16.40000,
,,,00.000282400000,  16.80000,
,,,00.000282800000, -14.80000,
,,,00.000283200000, -14.40000,
,,,00.000283600000, -15.20000,
,,,00.000284000000,  -9.60000,
,,,00.000284400000,   1.60000,
,,,00.000284800000,   9.20000,
,,,00.000285200000,  13.20000,
,,,00.000285600000,  16.00000,
,,,00.000286000000,  16.40000,
,,,00.000286400000,  16.40000,
,,,00.000286800000, -14.40000,
,,,00.000287200000, -13.20000,
,,,00.000287600000, -13.60000,
,,,00.000288000000, -10.80000,
,,,00.000288400000,   0.80000,
,,,00.000288800000,   8.80000,
,,,00.000289200000,  12.00000,
,,,00.000289600000,  16.00000,
,,,00.000290000000,  16.40000,
,,,00.000290400000,  17.20000,
,,,00.000290800000, -17.20000,
,,,00.000291200000, -13.20000,
,,,00.000291600000, -12.80000,
,,,00.000292000000, -17.20000,
,,,00.000292400000,  -1.20000,
,,,00.000292800000,   7.60000,
,,,00.000293200000,  12.00000,
,,,00.000293600000,  15.20000,
,,,00.000294000000,  16.00000,
,,,00.000294400000,  16.80000,
,,,00.000294800000, -17.60000,
,,,00.000295200000, -13.20000,
,,,00.000295600000, -14.00000,
,,,00.000296000000, -18.40000,
,,,00.000296400000,  -3.20000,
,,,00.000296800000,   6.80000,
,,,00.000297200000,  11.20000,
,,,00.000297600000,  15.20000,
,,,00.000298000000,  16.40000,
,,,00.000298400000,  16.40000,
,,,00.000298800000, -15.20000,
,,,00.000299200000, -14.40000,
,,,00.000299600000, -14.80000,
,,,00.000300000000, -15.20000,
,,,00.000300400000,  -4.40000,
,,,00.000300800000,   5.60000,
,,,00.000301200000,  10.00000,
,,,00.000301600000,  14.00000,
,,,00.000302000000,  16.00000,
,,,00.000302400000,  16.40000,
,,,00.000302800000, -13.60000,
,,,00.000303200000, -14.80000,
,,,00.000303600000, -17.20000,
,,,00.000304000000, -13.60000,
,,,00.000304400000,  -8.40000,
,,,00.000304800000,   4.40000,
,,,00.000305200000,   8.80000,
,,,00.000305600000,  14.00000,
,,,00.000306000000,  15.20000,
,,,00.000306400000,  16.80000,
,,,00.000306800000, -12.80000,
,,,00.000307200000, -19.60000,
,,,00.000307600000, -19.60000,
,,,00.000308000000, -13.20000,
,,,00.000308400000, -13.20000,
,,,00.000308800000,   3.60000,
,,,00.000309200000,   8.00000,
,,,00.000309600000,  13.60000,
,,,00.000310000000,  15.20000,
,,,00.000310400000,  16.80000,
,,,00.000310800000, -13.60000,
,,,00.000311200000, -19.60000,
,,,00.000311600000, -16.80000,
,,,00.000312000000, -13.60000,
,,,00.000312400000, -16.40000,
,,,00.000312800000,   2.00000,
,,,00.000313200000,   7.20000,
,,,00.000313600000,  12.80000,
,,,00.000314000000,  14.80000,
,,,00.000314400000,  16.80000,
,,,00.000314800000, -14.40000,
,,,00.000315200000, -16.80000,
,,,00.000315600000, -14.40000,
,,,00.000316000000, -15.60000,
,,,00.000316400000, -13.60000,
,,,00.000316800000,   0.00000,
,,,00.000317200000,   6.40000,
,,,00.000317600000,  12.40000,
,,,00.000318000000,  14.40000,
,,,00.000318400000,  16.40000,
,,,00.000318800000, -14.40000,
,,,00.000319200000, -14.40000,
,,,00.000319600000, -13.20000,
,,,00.000320000000, -17.60000,
,,,00.000320400000, -14.80000,
,,,00.000320800000,  -1.60000,
,,,00.000321200000,   5.60000,
,,,00.000321600000,  11.60000,
,,,00.000322000000,  14.40000,
,,,00.000322400000,  16.40000,
,,,00.000322800000, -14.80000,
,,,00.000323200000, -14.00000,
,,,00.000323600000, -13.60000,
,,,00.000324000000, -19.60000,
,,,00.000324400000, -17.20000,
,,,00.000324800000,  -3.60000,
,,,00.000325200000,   5.20000,
,,,00.000325600000,  11.20000,
,,,00.000326000000,  13.60000,
,,,00.000326400000,  16.00000,
,,,00.000326800000, -14.80000,
,,,00.000327200000, -12.80000,
,,,00.000327600000, -14.40000,
,,,00.000328000000, -15.60000,
,,,00.000328400000, -19.60000,
,,,00.000328800000,  -6.00000,
,,,00.000329200000,   3.60000,
,,,00.000329600000,  10.80000,
,,,00.000330000000,  13.20000,
,,,00.000330400000,  16.40000,
,,,00.000330800000, -15.60000,
,,,00.000331200000, -12.80000,
,,,00.000331600000, -14.00000,
,,,00.000332000000, -13.60000,
,,,00.000332400000, -14.80000,
,,,00.000332800000,  -6.80000,
,,,00.000333200000,   1.60000,
,,,00.000333600000,   9.20000,
,,,00.000334000000,  12.80000,
,,,00.000334400000,  15.60000,
,,,00.000334800000, -18.00000,
,,,00.000335200000, -14.40000,
,,,00.000335600000, -15.20000,
,,,00.000336000000, -14.00000,
,,,00.000336400000, -14.00000,
,,,00.000336800000,  -9.60000,
,,,00.000337200000,   0.80000,
,,,00.000337600000,   9.20000,
,,,00.000338000000,  12.40000,
,,,00.000338400000,  15.60000,
,,,00.000338800000, -18.00000,
,,,00.000339200000, -14.80000,
,,,00.000339600000, -19.60000,
,,,00.000340000000, -13.20000,
,,,00.000340400000, -13.60000,
,,,00.000340800000, -14.00000,
,,,00.000341200000,  -1.20000,
,,,00.000341600000,   8.40000,
,,,00.000342000000,  12.00000,
,,,00.000342400000,  14.80000,
,,,00.000342800000, -15.60000,
,,,00.000343200000, -15.20000,
,,,00.000343600000, -19.20000,
,,,00.000344000000, -13.20000,
,,,00.000344400000, -13.60000,
,,,00.000344800000, -17.60000,
,,,00.000345200000,  -2.80000,
,,,00.000345600000,   7.60000,
,,,00.000346000000,  11.20000,
,,,00.000346400000,  14.40000,
,,,00.000346800000, -14.00000,
,,,00.000347200000, -16.80000,
,,,00.000347600000, -17.20000,
,,,00.000348000000, -13.60000,
,,,00.000348400000, -15.20000,
,,,00.000348800000, -13.60000,
,,,00.000349200000,  -5.60000,
,,,00.000349600000,   6.40000,
,,,00.000350000000,  11.20000,
,,,00.000350400000,  14.00000,
,,,00.000350800000, -13.60000,
,,,00.000351200000, -20.00000,
,,,00.000351600000, -15.20000,
,,,00.000352000000, -14.80000,
,,,00.000352400000, -17.60000,
,,,00.000352800000, -12.80000,
,,,00.000353200000,  -8.00000,
,,,00.000353600000,   4.80000,
,,,00.000354000000,  10.00000,
,,,00.000354400000,  14.00000,
,,,00.000354800000, -13.60000,
,,,00.000355200000, -16.40000,
,,,00.000355600000, -13.60000,
,,,00.000356000000, -18.80000,
,,,00.000356400000, -19.20000,
,,,00.000356800000, -16.40000,
,,,00.000357200000, -13.20000,
,,,00.000357600000,   4.00000,
,,,00.000358000000,   9.60000,
,,,00.000358400000,  12.80000,
,,,00.000358800000, -14.80000,
,,,00.000359200000, -14.80000,
,,,00.000359600000, -12.80000,
,,,00.000360000000, -19.60000,
,,,00.000360400000, -17.20000,
,,,00.000360800000, -18.00000,
,,,00.000361200000, -16.40000,
,,,00.000361600000,   2.80000,
,,,00.000362000000,   8.40000,
,,,00.000362400000,  13.20000,
,,,00.000362800000, -15.20000,
,,,00.000363200000, -14.00000,
,,,00.000363600000, -13.60000,
,,,00.000364000000, -16.00000,
,,,00.000364400000, -14.40000,
,,,00.000364800000, -15.20000,
,,,00.000365200000, -13.20000,
,,,00.000365600000,   2.00000,
,,,00.000366000000,   8.00000,
,,,00.000366400000,  12.40000,
,,,00.000366800000, -15.60000,
,,,00.000367200000, -14.00000,
,,,00.000367600000, -14.00000,
,,,00.000368000000, -14.80000,
,,,00.000368400000, -14.00000,
,,,00.000368800000, -14.40000,
,,,00.000369200000, -13.60000,
,,,00.000369600000,   0.40000,
,,,00.000370000000,   6.40000,
,,,00.000370400000,  12.00000,
,,,00.000370800000, -16.00000,
,,,00.000371200000, -13.20000,
,,,00.000371600000, -14.40000,
,,,00.000372000000, -14.40000,
,,,00.000372400000, -13.60000,
,,,00.000372800000, -14.80000,
,,,00.000373200000, -17.60000,
,,,00.000373600000,  -1.60000,
,,,00.000374000000,   5.20000,
,,,00.000374400000,  11.60000,
,,,00.000374800000, -18.00000,
,,,00.000375200000, -13.60000,
,,,00.000375600000, -16.40000,
,,,00.000376000000, -13.20000,
,,,00.000376400000, -14.40000,
,,,00.000376800000, -14.40000,
,,,00.000377200000, -20.00000,
,,,00.000377600000,  -4.00000,
,,,00.000378000000,   3.60000,
,,,00.000378400000,  10.80000,
,,,00.000378800000, -17.60000,
,,,00.000379200000, -14.40000,
,,,00.000379600000, -18.80000,
,,,00.000380000000, -13.60000,
,,,00.000380400000, -14.80000,
,,,00.000380800000, -14.80000,
,,,00.000381200000, -15.20000,
,,,00.000381600000,  -5.20000,
,,,00.000382000000,   4.00000,
,,,00.000382400000,  10.00000,
,,,00.000382800000, -15.60000,
,,,00.000383200000, -14.80000,
,,,00.000383600000, -20.00000,
,,,00.000384000000, -13.60000,
,,,00.000384400000, -16.00000,
,,,00.000384800000, -16.40000,
,,,00.000385200000, -14.00000,
,,,00.000385600000,  -8.40000,
,,,00.000386000000,   2.80000,
,,,00.000386400000,  10.00000,
,,,00.000386800000, -14.40000,
,,,00.000387200000, -16.00000,
,,,00.000387600000, -16.80000,
,,,00.000388000000, -13.60000,
,,,00.000388400000, -20.00000,
,,,00.000388800000, -18.00000,
,,,00.000389200000, -13.60000,
,,,00.000389600000, -13.60000,
,,,00.000390000000,   0.80000,
,,,00.000390400000,   8.40000,
,,,00.000390800000, -14.00000,
,,,00.000391200000, -20.40000,
,,,00.000391600000, -15.60000,
,,,00.000392000000, -14.80000,
,,,00.000392400000, -19.20000,
,,,00.000392800000, -14.80000,
,,,00.000393200000, -14.00000,
,,,00.000393600000, -16.00000,
,,,00.000394000000,   0.00000,
,,,00.000394400000,   6.80000,
,,,00.000394800000, -13.60000,
,,,00.000395200000, -19.60000,
,,,00.000395600000, -14.40000,
,,,00.000396000000, -17.20000,
,,,00.000396400000, -17.20000,
,,,00.000396800000, -13.60000,
,,,00.000397200000, -14.40000,
,,,00.000397600000, -13.20000,
,,,00.000398000000,  -4.00000,
,,,00.000398400000,   6.40000,
,,,00.000398800000, -14.00000,
,,,00.000399200000, -17.60000,
,,,00.000399600000, -14.00000,
,,,00.000400000000, -20.00000,
,,,00.000400400000, -15.20000,
,,,00.000400800000, -14.00000,
,,,00.000401200000, -17.20000,
,,,00.000401600000, -14.40000,
,,,00.000402000000,  -5.20000,
,,,00.000402400000,   6.00000,
,,,00.000402800000, -15.60000,
,,,00.000403200000, -14.80000,
,,,00.000403600000, -13.20000,
,,,00.000404000000, -17.20000,
,,,00.000404400000, -14.40000,
,,,00.000404800000, -14.80000,
,,,00.000405200000, -19.60000,
,,,00.000405600000, -17.20000,
,,,00.000406000000, -10.00000,
,,,00.000406400000,   4.40000,
,,,00.000406800000, -15.20000,
,,,00.000407200000, -14.40000,
,,,00.000407600000, -13.60000,
,,,00.000408000000, -15.20000,
,,,00.000408400000, -13.20000,
,,,00.000408800000, -14.80000,
,,,00.000409200000, -15.60000,
,,,00.000409600000, -19.60000,
,,,00.000410000000, -12.80000,
,,,00.000410400000,   3.60000,
,,,00.000410800000, -15.60000,
,,,00.000411200000, -14.00000,
,,,00.000411600000, -14.00000,
,,,00.000412000000, -15.20000,
,,,00.000412400000, -13.20000,
,,,00.000412800000, -15.20000,
,,,00.000413200000, -14.80000,
,,,00.000413600000, -14.40000,
,,,00.000414000000, -10.80000,
,,,00.000414400000,   2.40000,
,,,00.000414800000, -15.60000,
,,,00.000415200000, -13.60000,
,,,00.000415600000, -14.00000,
,,,00.000416000000, -14.00000,
,,,00.000416400000, -14.00000,
,,,00.000416800000, -15.20000,
,,,00.000417200000, -14.40000,
,,,00.000417600000, -13.60000,
,,,00.000418000000, -12.00000,
,,,00.000418400000,   0.00000,
,,,00.000418800000, -18.40000,
,,,00.000419200000, -13.20000,
,,,00.000419600000, -16.00000,
,,,00.000420000000, -13.20000,
,,,00.000420400000, -15.20000,
,,,00.000420800000, -18.40000,
,,,00.000421200000, -13.60000,
,,,00.000421600000, -13.60000,
,,,00.000422000000, -17.60000,
,,,00.000422400000,  -1.60000,
,,,00.000422800000, -17.60000,
,,,00.000423200000, -14.00000,
,,,00.000423600000, -19.60000,
,,,00.000424000000, -14.80000,
,,,00.000424400000, -15.20000,
,,,00.000424800000, -17.60000,
,,,00.000425200000, -14.00000,
,,,00.000425600000, -14.40000,
,,,00.000426000000, -18.80000,
,,,00.000426400000,  -3.60000,
,,,00.000426800000, -16.40000,
,,,00.000427200000, -14.80000,
,,,00.000427600000, -19.60000,
,,,00.000428000000, -13.60000,
,,,00.000428400000, -17.60000,
,,,00.000428800000, -16.00000,
,,,00.000429200000, -15.20000,
,,,00.000429600000, -15.60000,
,,,00.000430000000, -14.40000,
,,,00.000430400000,  -4.80000,
,,,00.000430800000, -14.80000,
,,,00.000431200000, -16.80000,
,,,00.000431600000, -16.80000,
,,,00.000432000000, -14.40000,
,,,00.000432400000, -19.20000,
,,,00.000432800000, -14.40000,
,,,00.000433200000, -16.00000,
,,,00.000433600000, -17.20000,
,,,00.000434000000, -13.60000,
,,,00.000434400000,  -8.00000,
,,,00.000434800000, -13.60000,
,,,00.000435200000, -20.40000,
,,,00.000435600000, -14.80000,
,,,00.000436000000, -16.40000,
,,,00.000436400000, -17.20000,
,,,00.000436800000, -13.60000,
,,,00.000437200000, -19.60000,
,,,00.000437600000, -19.60000,
,,,00.000438000000, -14.40000,
,,,00.000438400000, -13.60000,
,,,00.000438800000, -14.80000,
,,,00.000439200000, -20.40000,
,,,00.000439600000, -13.20000,
,,,00.000440000000, -20.00000,
,,,00.000440400000, -14.80000,
,,,00.000440800000, -14.00000,
,,,00.000441200000, -19.20000,
,,,00.000441600000, -16.00000,
,,,00.000442000000, -13.60000,
,,,00.000442400000, -16.40000,
,,,00.000442800000, -14.00000,
,,,00.000443200000, -18.00000,
,,,00.000443600000, -13.60000,
,,,00.000444000000, -20.00000,
,,,00.000444400000, -14.40000,
,,,00.000444800000, -15.60000,
,,,00.000445200000, -16.80000,
,,,00.000445600000, -14.00000,
,,,00.000446000000, -14.80000,
,,,00.000446400000, -13.60000,
,,,00.000446800000, -14.80000,
,,,00.000447200000, -14.40000,
,,,00.000447600000, -13.20000,
,,,00.000448000000, -17.60000,
,,,00.000448400000, -14.40000,
,,,00.000448800000, -15.20000,
,,,00.000449200000, -14.40000,
,,,00.000449600000, -13.60000,
,,,00.000450000000, -17.60000,
,,,00.000450400000, -14.00000,
,,,00.000450800000, -15.20000,
,,,00.000451200000, -14.00000,
,,,00.000451600000, -13.20000,
,,,00.000452000000, -15.20000,
,,,00.000452400000, -13.20000,
,,,00.000452800000, -15.20000,
,,,00.000453200000, -14.00000,
,,,00.000453600000, -13.60000,
,,,00.000454000000, -20.00000,
,,,00.000454400000, -16.00000,
,,,00.000454800000, -15.20000,
,,,00.000455200000, -13.60000,
,,,00.000455600000, -14.00000,
,,,00.000456000000, -14.40000,
,,,00.000456400000, -13.60000,
,,,00.000456800000, -15.60000,
,,,00.000457200000, -13.20000,
,,,00.000457600000, -14.00000,
,,,00.000458000000, -16.00000,
,,,00.000458400000, -19.60000,
,,,00.000458800000, -16.00000,
,,,00.000459200000, -13.60000,
,,,00.000459600000, -14.40000,
,,,00.000460000000, -13.20000,
,,,00.000460400000, -14.40000,
,,,00.000460800000, -16.80000,
,,,00.000461200000, -13.60000,
,,,00.000461600000, -14.40000,
,,,00.000462000000, -14.00000,
,,,00.000462400000, -14.80000,
,,,00.000462800000, -16.80000,
,,,00.000463200000, -14.00000,
,,,00.000463600000, -16.00000,
,,,00.000464000000, -12.80000,
,,,00.000464400000, -14.80000,
,,,00.000464800000, -18.00000,
,,,00.000465200000, -14.40000,
,,,00.000465600000, -16.00000,
,,,00.000466000000, -13.60000,
,,,00.000466400000, -14.40000,
,,,00.000466800000, -18.40000,
,,,00.000467200000, -13.60000,
,,,00.000467600000, -19.60000,
,,,00.000468000000, -13.60000,
,,,00.000468400000, -15.60000,
,,,00.000468800000, -16.40000,
,,,00.000469200000, -14.40000,
,,,00.000469600000, -17.20000,
,,,00.000470000000, -13.60000,
,,,00.000470400000, -14.00000,
,,,00.000470800000, -16.00000,
,,,00.000471200000, -14.40000,
,,,00.000471600000, -18.80000,
,,,00.000472000000, -13.60000,
,,,00.000472400000, -20.00000,
,,,00.000472800000, -14.00000,
,,,00.000473200000, -15.60000,
,,,00.000473600000, -19.60000,
,,,00.000474000000, -13.60000,
,,,00.000474400000, -13.60000,
,,,00.000474800000, -16.00000,
,,,00.000475200000, -15.20000,
,,,00.000475600000, -17.20000,
,,,00.000476000000, -13.60000,
,,,00.000476400000, -19.60000,
,,,00.000476800000, -13.60000,
,,,00.000477200000, -20.00000,
,,,00.000477600000, -17.60000,
,,,00.000478000000, -13.60000,
,,,00.000478400000, -15.20000,
,,,00.000478800000, -14.00000,
,,,00.000479200000, -17.20000,
,,,00.000479600000, -16.40000,
,,,00.000480000000, -15.60000,
,,,00.000480400000, -17.20000,
,,,00.000480800000, -13.60000,
,,,00.000481200000, -19.60000,
,,,00.000481600000, -15.20000,
,,,00.000482000000, -14.80000,
,,,00.000482400000, -16.80000,
,,,00.000482800000, -13.60000,
,,,00.000483200000, -19.60000,
,,,00.000483600000, -14.40000,
,,,00.000484000000, -17.60000,
,,,00.000484400000, -15.20000,
,,,00.000484800000, -14.00000,
,,,00.000485200000, -16.80000,
,,,00.000485600000, -13.60000,
,,,00.000486000000, -17.20000,
,,,00.000486400000, -19.60000,
,,,00.000486800000, -12.80000,
,,,00.000487200000, -19.20000,
,,,00.000487600000, -14.00000,
,,,00.000488000000, -20.00000,
,,,00.000488400000, -14.40000,
,,,00.000488800000, -15.20000,
,,,00.000489200000, -14.80000,
,,,00.000489600000, -12.80000,
,,,00.000490000000, -20.00000,
,,,00.000490400000, -16.00000,
,,,00.000490800000, -14.40000,
,,,00.000491200000, -15.60000,
,,,00.000491600000, -13.20000,
,,,00.000492000000, -18.00000,
,,,00.000492400000, -14.00000,
,,,00.000492800000, -15.20000,
,,,00.000493200000, -13.60000,
,,,00.000493600000, -13.20000,
,,,00.000494000000, -17.60000,
,,,00.000494400000, -14.80000,
,,,00.000494800000, -16.00000,
,,,00.000495200000, -14.40000,
,,,00.000495600000, -13.20000,
,,,00.000496000000, -15.20000,
,,,00.000496400000, -13.60000,
,,,00.000496800000, -14.80000,
,,,00.000497200000, -14.00000,
,,,00.000497600000, -14.00000,
,,,00.000498000000, -15.20000,
,,,00.000498400000, -13.60000,
,,,00.000498800000, -15.60000,
,,,00.000499200000, -13.60000,
,,,00.000499600000, -13.60000,
,,,00.000500000000, -15.20000,
,,,00.000500400000, -13.60000,
,,,00.000500800000, -15.60000,
,,,00.000501200000, -13.60000,
,,,00.000501600000, -14.00000,
,,,00.000502000000, -15.20000,
,,,00.000502400000, -13.60000,
,,,00.000502800000, -16.00000,
,,,00.000503200000, -14.00000,
,,,00.000503600000, -14.80000,
,,,00.000504000000, -14.40000,
,,,00.000504400000, -14.00000,
,,,00.000504800000, -19.20000,
,,,00.000505200000, -14.00000,
,,,00.000505600000, -15.20000,
,,,00.000506000000, -13.60000,
,,,00.000506400000, -14.00000,
,,,00.000506800000, -17.20000,
,,,00.000507200000, -13.60000,
,,,00.000507600000, -15.60000,
,,,00.000508000000, -13.20000,
,,,00.000508400000, -15.20000,
,,,00.000508800000, -18.40000,
,,,00.000509200000, -14.00000,
,,,00.000509600000, -17.60000,
,,,00.000510000000, -14.00000,
,,,00.000510400000, -14.80000,
,,,00.000510800000, -18.40000,
,,,00.000511200000, -13.60000,
,,,00.000511600000, -17.60000,
,,,00.000512000000, -13.20000,
,,,00.000512400000, -15.60000,
,,,00.000512800000, -16.00000,
,,,00.000513200000, -14.80000,
,,,00.000513600000, -20.00000,
,,,00.000514000000, -13.60000,
,,,00.000514400000, -16.00000,
,,,00.000514800000, -18.40000,
,,,00.000515200000, -14.80000,
,,,00.000515600000, -19.60000,
,,,00.000516000000, -13.60000,
,,,00.000516400000, -19.60000,
,,,00.000516800000, -14.80000,
,,,00.000517200000, -16.00000,
,,,00.000517600000, -17.20000,
,,,00.000518000000, -14.00000,
,,,00.000518400000, -19.20000,
,,,00.000518800000, -15.20000,
,,,00.000519200000, -16.00000,
,,,00.000519600000, -18.80000,
,,,00.000520000000, -14.00000,
,,,00.000520400000, -20.40000,
,,,00.000520800000, -13.60000,
,,,00.000521200000, -19.60000,
,,,00.000521600000, -16.00000,
,,,00.000522000000, -14.80000,
,,,00.000522400000, -19.60000,
,,,00.000522800000, -14.00000,
,,,00.000523200000, -16.80000,
,,,00.000523600000, -16.80000,
,,,00.000524000000, -15.60000,
,,,00.000524400000, -16.80000,
,,,00.000524800000, -13.60000,
,,,00.000525200000, -19.20000,
,,,00.000525600000, -14.80000,
,,,00.000526000000, -17.20000,
,,,00.000526400000, -16.00000,
,,,00.000526800000, -13.20000,
,,,00.000527200000, -19.60000,
,,,00.000527600000, -14.40000,
,,,00.000528000000, -18.00000,
,,,00.000528400000, -15.20000,
,,,00.000528800000, -14.80000,
,,,00.000529200000, -17.20000,
,,,00.000529600000, -13.60000,
,,,00.000530000000, -20.00000,
,,,00.000530400000, -15.20000,
,,,00.000530800000, -13.60000,
,,,00.000531200000, -19.60000,
,,,00.000531600000, -14.00000,
,,,00.000532000000, -18.40000,
,,,00.000532400000, -14.80000,
,,,00.000532800000, -15.20000,
,,,00.000533200000, -14.80000,
,,,00.000533600000, -13.60000,
,,,00.000534000000, -17.60000,
,,,00.000534400000, -14.40000,
,,,00.000534800000, -14.40000,
,,,00.000535200000, -15.60000,
,,,00.000535600000, -12.80000,
,,,00.000536000000, -19.60000,
,,,00.000536400000, -14.00000,
,,,00.000536800000, -15.60000,
,,,00.000537200000, -14.80000,
,,,00.000537600000, -13.60000,
,,,00.000538000000, -15.20000,
,,,00.000538400000, -13.60000,
,,,00.000538800000, -15.20000,
,,,00.000539200000, -14.80000,
,,,00.000539600000, -13.20000,
,,,00.000540000000, -16.00000,
,,,00.000540400000, -13.20000,
,,,00.000540800000, -15.20000,
,,,00.000541200000, -13.60000,
,,,00.000541600000, -14.40000,
,,,00.000542000000, -15.60000,
,,,00.000542400000, -13.20000,
,,,00.000542800000, -14.80000,
,,,00.000543200000, -13.60000,
,,,00.000543600000, -14.00000,
,,,00.000544000000, -15.20000,
,,,00.000544400000, -14.00000,
,,,00.000544800000, -16.00000,
,,,00.000545200000, -13.20000,
,,,00.000545600000, -15.20000,
,,,00.000546000000, -14.00000,
,,,00.000546400000, -14.40000,
,,,00.000546800000, -15.60000,
,,,00.000547200000, -14.00000,
,,,00.000547600000, -14.80000,
,,,00.000548000000, -14.40000,
,,,00.000548400000, -14.00000,
,,,00.000548800000, -18.40000,
,,,00.000549200000, -13.60000,
,,,00.000549600000, -16.00000,
,,,00.000550000000, -13.20000,
,,,00.000550400000, -14.80000,
,,,00.000550800000, -16.80000,
,,,00.000551200000, -13.60000,
,,,00.000551600000, -14.80000,
,,,00.000552000000, -14.00000,
,,,00.000552400000, -15.20000,
,,,00.000552800000, -18.40000,
,,,00.000553200000, -14.40000,
,,,00.000553600000, -20.00000,
,,,00.000554000000, -13.20000,
,,,00.000554400000, -14.80000,
,,,00.000554800000, -18.00000,
,,,00.000555200000, -14.00000,
,,,00.000555600000, -18.00000,
,,,00.000556000000, -12.80000,
,,,00.000556400000, -16.00000,
,,,00.000556800000, -16.40000,
,,,00.000557200000, -14.80000,
,,,00.000557600000, -19.60000,
,,,00.000558000000, -14.00000,
,,,00.000558400000, -17.60000,
,,,00.000558800000, -18.00000,
,,,00.000559200000, -14.80000,
,,,00.000559600000, -19.60000,
,,,00.000560000000, -14.00000,
,,,00.000560400000, -17.60000,
,,,00.000560800000, -14.40000,
,,,00.000561200000, -15.60000,
,,,00.000561600000, -17.20000,
,,,00.000562000000, -14.00000,
,,,00.000562400000, -19.60000,
,,,00.000562800000, -15.60000,
,,,00.000563200000, -15.60000,
,,,00.000563600000, -19.20000,
,,,00.000564000000, -14.00000,
,,,00.000564400000, -19.60000,
,,,00.000564800000, -14.00000,
,,,00.000565200000, -19.20000,
,,,00.000565600000, -15.20000,
,,,00.000566000000, -16.00000,
,,,00.000566400000, -16.80000,
,,,00.000566800000, -14.80000,
,,,00.000567200000, -17.20000,
,,,00.000567600000, -16.40000,
,,,00.000568000000, -14.40000,
,,,00.000568400000, -18.80000,
,,,00.000568800000, -13.20000,
,,,00.000569200000, -19.60000,
,,,00.000569600000, -14.40000,
,,,00.000570000000, -19.20000,
,,,00.000570400000, -14.80000,
,,,00.000570800000, -20.00000,
,,,00.000571200000, -20.40000,
,,,00.000571600000, -20.00000,
,,,00.000572000000, -20.80000,
,,,00.000572400000, -20.00000,
,,,00.000572800000, -19.60000,
,,,00.000573200000, -20.40000,
,,,00.000573600000, -20.00000,
,,,00.000574000000, -20.00000,
,,,00.000574400000, -20.40000,
,,,00.000574800000, -20.00000,
,,,00.000575200000, -20.00000,
,,,00.000575600000, -20.00000,
,,,00.000576000000, -20.00000,
,,,00.000576400000, -20.40000,
,,,00.000576800000, -19.60000,
,,,00.000577200000, -20.80000,
,,,00.000577600000, -19.60000,
,,,00.000578000000, -20.00000,
,,,00.000578400000, -20.40000,
,,,00.000578800000, -19.60000,
,,,00.000579200000, -20.40000,
,,,00.000579600000, -20.40000,
,,,00.000580000000, -20.00000,
,,,00.000580400000, -20.40000,
,,,00.000580800000, -19.60000,
,,,00.000581200000, -20.40000,
,,,00.000581600000, -20.40000,
,,,00.000582000000, -20.00000,
,,,00.000582400000, -20.40000,
,,,00.000582800000, -20.00000,
,,,00.000583200000, -20.40000,
,,,00.000583600000, -20.00000,
,,,00.000584000000, -20.00000,
,,,00.000584400000, -20.40000,
,,,00.000584800000, -19.60000,
,,,00.000585200000, -20.40000,
,,,00.000585600000, -19.60000,
,,,00.000586000000, -20.00000,
,,,00.000586400000, -20.00000,
,,,00.000586800000, -19.60000,
,,,00.000587200000, -20.00000,
,,,00.000587600000, -19.60000,
,,,00.000588000000, -20.00000,
,,,00.000588400000, -20.40000,
,,,00.000588800000, -19.60000,
,,,00.000589200000, -20.40000,
,,,00.000589600000, -20.00000,
,,,00.000590000000, -20.40000,
,,,00.000590400000, -20.40000,
,,,00.000590800000, -19.60000,
,,,00.000591200000, -20.40000,
,,,00.000591600000, -20.00000,
,,,00.000592000000, -20.40000,
,,,00.000592400000, -20.40000,
,,,00.000592800000, -20.00000,
,,,00.000593200000, -20.40000,
,,,00.000593600000, -20.00000,
,,,00.000594000000, -20.00000,
,,,00.000594400000, -20.00000,
,,,00.000594800000, -19.60000,
,,,00.000595200000, -20.40000,
,,,00.000595600000, -20.00000,
,,,00.000596000000, -20.40000,
,,,00.000596400000, -20.40000,
,,,00.000596800000, -20.00000,
,,,00.000597200000, -20.40000,
,,,00.000597600000, -19.60000,
,,,00.000598000000, -19.20000,
,,,00.000598400000, -20.40000,
,,,00.000598800000, -19.60000,
,,,00.000599200000, -20.80000,
,,,00.000599600000, -20.00000,
,,,00.000600000000, -20.00000,
,,,00.000600400000, -20.40000,
,,,00.000600800000, -20.00000,
,,,00.000601200000, -20.40000,
,,,00.000601600000, -20.40000,
,,,00.000602000000, -20.00000,
,,,00.000602400000, -20.40000,
,,,00.000602800000, -19.60000,
,,,00.000603200000, -20.00000,
,,,00.000603600000, -20.00000,
,,,00.000604000000, -20.00000,
,,,00.000604400000, -20.40000,
,,,00.000604800000, -19.60000,
,,,00.000605200000, -20.40000,
,,,00.000605600000, -20.00000,
,,,00.000606000000, -20.00000,
,,,00.000606400000, -20.80000,
,,,00.000606800000, -20.00000,
,,,00.000607200000, -20.40000,
,,,00.000607600000, -20.00000,
,,,00.000608000000, -20.00000,
,,,00.000608400000, -20.40000,
,,,00.000608800000, -19.20000,
,,,00.000609200000, -20.80000,
,,,00.000609600000, -20.40000,
,,,00.000610000000, -19.60000,
,,,00.000610400000, -20.80000,
,,,00.000610800000, -20.00000,
,,,00.000611200000, -20.40000,
,,,00.000611600000, -20.00000,
,,,00.000612000000, -20.00000,
,,,00.000612400000, -20.40000,
,,,00.000612800000, -19.60000,
,,,00.000613200000, -20.80000,
,,,00.000613600000, -19.60000,
,,,00.000614000000, -20.00000,
,,,00.000614400000, -20.40000,
,,,00.000614800000, -19.60000,
,,,00.000615200000, -20.40000,
,,,00.000615600000, -19.60000,
,,,00.000616000000, -20.00000,
,,,00.000616400000, -20.40000,
,,,00.000616800000, -20.00000,
,,,00.000617200000, -20.40000,
,,,00.000617600000, -20.00000,
,,,00.000618000000, -20.00000,
,,,00.000618400000, -20.40000,
,,,00.000618800000, -20.00000,
,,,00.000619200000, -20.00000,
,,,00.000619600000, -20.00000,
,,,00.000620000000, -20.40000,
,,,00.000620400000, -20.40000,
,,,00.000620800000, -19.60000,
,,,00.000621200000, -20.40000,
,,,00.000621600000, -20.00000,
,,,00.000622000000, -19.60000,
,,,00.000622400000, -20.80000,
,,,00.000622800000, -19.60000,
,,,00.000623200000, -20.40000,
,,,00.000623600000, -19.60000,
,,,00.000624000000, -19.60000,
,,,00.000624400000, -20.40000,
,,,00.000624800000, -20.00000,
,,,00.000625200000, -20.40000,
,,,00.000625600000, -20.00000,
,,,00.000626000000, -19.60000,
,,,00.000626400000, -20.80000,
,,,00.000626800000, -19.20000,
,,,00.000627200000, -20.40000,
,,,00.000627600000, -19.60000,
,,,00.000628000000, -19.60000,
,,,00.000628400000, -20.00000,
,,,00.000628800000, -19.60000,
,,,00.000629200000, -20.80000,
,,,00.000629600000, -19.60000,
,,,00.000630000000, -20.00000,
,,,00.000630400000, -20.00000,
,,,00.000630800000, -19.60000,
,,,00.000631200000, -20.40000,
,,,00.000631600000, -20.00000,
,,,00.000632000000, -20.00000,
,,,00.000632400000, -20.40000,
,,,00.000632800000, -20.00000,
,,,00.000633200000, -20.40000,
,,,00.000633600000, -20.00000,
,,,00.000634000000, -20.00000,
,,,00.000634400000, -20.40000,
,,,00.000634800000, -20.00000,
,,,00.000635200000, -20.00000,
,,,00.000635600000, -20.00000,
,,,00.000636000000, -20.00000,
,,,00.000636400000, -20.40000,
,,,00.000636800000, -20.00000,
,,,00.000637200000, -20.40000,
,,,00.000637600000, -20.00000,
,,,00.000638000000, -19.60000,
,,,00.000638400000, -20.40000,
,,,00.000638800000, -20.00000,
,,,00.000639200000, -20.40000,
,,,00.000639600000, -19.60000,
,,,00.000640000000, -20.00000,
,,,00.000640400000, -20.40000,
,,,00.000640800000, -19.60000,
,,,00.000641200000, -20.80000,
,,,00.000641600000, -20.00000,
,,,00.000642000000, -20.40000,
,,,00.000642400000, -20.40000,
,,,00.000642800000, -20.00000,
,,,00.000643200000, -20.00000,
,,,00.000643600000, -20.00000,
,,,00.000644000000, -20.40000,
,,,00.000644400000, -20.00000,
,,,00.000644800000, -19.60000,
,,,00.000645200000, -20.40000,
,,,00.000645600000, -20.00000,
,,,00.000646000000, -19.60000,
,,,00.000646400000, -20.80000,
,,,00.000646800000, -19.60000,
,,,00.000647200000, -20.40000,
,,,00.000647600000, -20.00000,
,,,00.000648000000, -20.00000,
,,,00.000648400000, -20.00000,
,,,00.000648800000, -20.00000,
,,,00.000649200000, -20.00000,
,,,00.000649600000, -20.00000,
,,,00.000650000000, -20.00000,
,,,00.000650400000, -20.40000,
,,,00.000650800000, -19.60000,
,,,00.000651200000, -20.40000,
,,,00.000651600000, -19.60000,
,,,00.000652000000, -19.60000,
,,,00.000652400000, -20.40000,
,,,00.000652800000, -20.00000,
,,,00.000653200000, -20.00000,
,,,00.000653600000, -20.00000,
,,,00.000654000000, -19.60000,
,,,00.000654400000, -20.00000,
,,,00.000654800000, -19.60000,
,,,00.000655200000, -20.40000,
,,,00.000655600000, -20.00000,
,,,00.000656000000, -20.40000,
,,,00.000656400000, -20.00000,
,,,00.000656800000, -19.60000,
,,,00.000657200000, -20.40000,
,,,00.000657600000, -20.00000,
,,,00.000658000000, -20.00000,
,,,00.000658400000, -20.40000,
,,,00.000658800000, -19.60000,
,,,00.000659200000, -20.40000,
,,,00.000659600000, -20.00000,
,,,00.000660000000, -20.00000,
,,,00.000660400000, -20.40000,
,,,00.000660800000, -19.60000,
,,,00.000661200000, -20.40000,
,,,00.000661600000, -20.00000,
,,,00.000662000000, -20.00000,
,,,00.000662400000, -20.40000,
,,,00.000662800000, -19.60000,
,,,00.000663200000, -20.80000,
,,,00.000663600000, -20.00000,
,,,00.000664000000, -19.60000,
,,,00.000664400000, -20.40000,
,,,00.000664800000, -20.00000,
,,,00.000665200000, -20.80000,
,,,00.000665600000, -20.00000,
,,,00.000666000000, -20.40000,
,,,00.000666400000, -20.40000,
,,,00.000666800000, -19.60000,
,,,00.000667200000, -20.80000,
,,,00.000667600000, -20.40000,
,,,00.000668000000, -20.40000,
,,,00.000668400000, -20.00000,
,,,00.000668800000, -19.60000,
,,,00.000669200000, -20.40000,
,,,00.000669600000, -20.00000,
,,,00.000670000000, -20.00000,
,,,00.000670400000, -20.80000,
,,,00.000670800000, -19.60000,
,,,00.000671200000, -20.00000,
,,,00.000671600000, -19.60000,
,,,00.000672000000, -20.40000,
,,,00.000672400000, -20.00000,
,,,00.000672800000, -20.00000,
,,,00.000673200000, -20.00000,
,,,00.000673600000, -20.40000,
,,,00.000674000000, -19.60000,
,,,00.000674400000, -20.40000,
,,,00.000674800000, -20.00000,
,,,00.000675200000, -20.40000,
,,,00.000675600000, -20.00000,
,,,00.000676000000, -20.40000,
,,,00.000676400000, -20.40000,
,,,00.000676800000, -19.60000,
,,,00.000677200000, -20.40000,
,,,00.000677600000, -20.00000,
,,,00.000678000000, -19.60000,
,,,00.000678400000, -20.40000,
,,,00.000678800000, -19.60000,
,,,00.000679200000, -20.40000,
,,,00.000679600000, -20.00000,
,,,00.000680000000, -19.60000,
,,,00.000680400000, -20.00000,
,,,00.000680800000, -20.00000,
,,,00.000681200000, -20.40000,
,,,00.000681600000, -20.00000,
,,,00.000682000000, -19.60000,
,,,00.000682400000, -20.00000,
,,,00.000682800000, -20.00000,
,,,00.000683200000, -20.40000,
,,,00.000683600000, -20.00000,
,,,00.000684000000, -20.00000,
,,,00.000684400000, -20.00000,
,,,00.000684800000, -19.20000,
,,,00.000685200000, -20.00000,
,,,00.000685600000, -20.00000,
,,,00.000686000000, -20.00000,
,,,00.000686400000, -20.40000,
,,,00.000686800000, -19.20000,
,,,00.000687200000, -20.00000,
,,,00.000687600000, -20.00000,
,,,00.000688000000, -20.00000,
,,,00.000688400000, -20.40000,
,,,00.000688800000, -19.20000,
,,,00.000689200000, -20.00000,
,,,00.000689600000, -19.60000,
,,,00.000690000000, -20.00000,
,,,00.000690400000, -20.40000,
,,,00.000690800000, -19.60000,
,,,00.000691200000, -20.00000,
,,,00.000691600000, -20.00000,
,,,00.000692000000, -19.60000,
,,,00.000692400000, -20.00000,
,,,00.000692800000, -20.00000,
,,,00.000693200000, -20.40000,
,,,00.000693600000, -20.00000,
,,,00.000694000000, -20.00000,
,,,00.000694400000, -20.40000,
,,,00.000694800000, -20.00000,
,,,00.000695200000, -20.00000,
,,,00.000695600000, -20.40000,
